"bc","total_frags","frac_peak","frac_promoter","frac_tss","frac_enhancer","frac_mito","cell_called"
"AATACGCGTGCCCGAT",108,0,0.0185185185185185,0.0277777777777778,0.0462962962962963,0,FALSE
"ACTACCCGTAACGGTG",40,0.025,0.075,0.125,0.075,0,TRUE
"ACTTCCGTCTGAGTAC",33,0.757575757575758,0,0.0303030303030303,0.151515151515152,0,TRUE
"TACCTATTCACATCCC",126,0.46031746031746,0.00793650793650794,0.0634920634920635,0.103174603174603,0,TRUE
"AAACGAACAGCAAACG",10,0,0.2,0.3,0.1,0,FALSE
"AAACGAACAGTAAGCG",15,0.666666666666667,0,0,0.0666666666666667,0,TRUE
"AAACTCGTCCAGTTAG",47,0.553191489361702,0.0212765957446809,0,0.148936170212766,0,TRUE
"AAACTCGAGGTTGACG",21,0.380952380952381,0,0,0.0476190476190476,0,TRUE
"AAACTCGGTAGTTTGC",6,0.333333333333333,0,0.5,0,0,TRUE
"AAACTGCGTAGTATCC",13,0,0,0,0,0,FALSE
"AAAGATGCAACGACAG",6,0,0,0.166666666666667,0,0,FALSE
"AAAGATGCAAGTCCTA",7,0,0,0,0,0,FALSE
"AAAGATGGTTTCACCC",11,0,0,0,0.0909090909090909,0,FALSE
"CAAAGCTAGCGCCTAC",7,0,0,0,0,0,FALSE
"AAATGAGCAATCAGGG",207,0.357487922705314,0.0193236714975845,0.0772946859903382,0.101449275362319,0,TRUE
"AAAGGATCATTTGGCA",7,0,0,0,0,0,FALSE
"AAAGGATGTTGGACGA",6,0,0,0,0,0,FALSE
"ACTTCCGCAGTTACAC",56,0.5,0.0357142857142857,0.0178571428571429,0.125,0,TRUE
"TTACTCAAGAAGACTT",10,0.8,0,0,0,0,TRUE
"GAACCTAGTGGCCTCA",42,0.238095238095238,0,0.0714285714285714,0.0238095238095238,0,TRUE
"AAATGTGCAATCAGGG",7,0.571428571428571,0,0,0.142857142857143,0,TRUE
"AAATGAGTCCCACTAC",9,0.666666666666667,0,0,0,0,TRUE
"AAATGCCAGTCTCGAT",7,0,0,0,0,0,FALSE
"AAATGCCCAATTGCCA",10,0,0,0,0.1,0,FALSE
"AACAAAGCACCTATTT",122,0.508196721311475,0.00819672131147541,0.00819672131147541,0.188524590163934,0,TRUE
"CCCTAGTAGACCCTAT",39,0.615384615384615,0,0.0256410256410256,0.153846153846154,0,TRUE
"AACATCGCACTACACA",8,0.75,0,0,0.25,0,TRUE
"AACATCGCAGTCAGCC",8,0,0,0,0.125,0,FALSE
"AACATCGCATCCGTAA",46,0,0,0,0.130434782608696,0,FALSE
"AACATCGTCCTCCTGA",6,0,0,0,0,0,FALSE
"CCTATTAAGTCTCGAT",29,0.310344827586207,0.0344827586206897,0.0344827586206897,0.103448275862069,0,TRUE
"AACCAACTCGTTCCGT",6,0,0,0,0,0,FALSE
"AACCGATAGACGTCAG",6,0.5,0,0,0,0,TRUE
"AACCTGACAGCAACCC",41,0.536585365853659,0,0,0.195121951219512,0,TRUE
"CGTAAACTCTGATCTT",23,0.478260869565217,0,0.0434782608695652,0.130434782608696,0,TRUE
"TACTGCCCATGATCGT",55,0.545454545454545,0,0.0545454545454545,0.163636363636364,0,TRUE
"GGTGCTGGTAGCCATT",55,0.6,0.0181818181818182,0.0363636363636364,0.145454545454545,0,TRUE
"AACCTTTCAATGATGA",44,0.818181818181818,0,0,0.0454545454545455,0,TRUE
"AACCTTTCATGGGAAC",6,0,0,0,0,0,FALSE
"AACCTTTGTTTGACCA",17,0,0,0,0.117647058823529,0,FALSE
"AACCTTTTCGTCCCAT",12,0.666666666666667,0,0,0.0833333333333333,0,TRUE
"AACCTTTTCGGTTGTA",8,0,0,0,0,0,FALSE
"AACGAGGCATCATCGA",6,0,0,0,0,0,FALSE
"AACGTACTCTTTGCAT",26,0.461538461538462,0,0,0.115384615384615,0,TRUE
"AACGGGACAAGACACG",26,0.538461538461538,0,0.0769230769230769,0.0769230769230769,0,TRUE
"TTAACGGCAAGTAATG",7,0,0,0,0,0,FALSE
"AACGGGACATGACTGT",24,0,0,0,0.25,0,FALSE
"AGCCAGCCATGGCCCA",7,0,0,0.142857142857143,0,0,FALSE
"AACGTACAGAGAGTTT",6,0,0,0,0,0,FALSE
"AACGTACCAGGTAGCA",6,0,0,0,0,0,FALSE
"AACGTACGTGTCCAGC",8,0,0,0.125,0,0,FALSE
"CAACGTACAAGTAATG",281,0.0355871886120996,0.0106761565836299,0.0498220640569395,0.0462633451957295,0,TRUE
"CAACGTATCGTAGCGC",65,0.523076923076923,0.0153846153846154,0.0615384615384615,0.123076923076923,0,TRUE
"AACTTGGCATGGCCGT",113,0.47787610619469,0,0.0176991150442478,0.0442477876106195,0,TRUE
"AACTGGTCACGTACAT",12,0.583333333333333,0,0,0.0833333333333333,0,TRUE
"TCCGACTTCCCGAAGC",149,0.557046979865772,0.0134228187919463,0.0402684563758389,0.161073825503356,0,TRUE
"AACTGGTCAGAGCCAA",8,0,0,0,0,0,FALSE
"AACTGGTGTTACCACA",6,0,0,0,0,0,FALSE
"ACTGTCCAGAGTAAGG",8,0.125,0,0,0,0,TRUE
"AACTGTGGTCAATACC",6,0,0,0,0.166666666666667,0,FALSE
"GCAGCTGGTGGATTCT",2852,0.0315568022440393,0.0119214586255259,0.0462833099579243,0.0792426367461431,0,TRUE
"AACTGTGGTCAGAGTG",8,0,0,0,0.125,0,FALSE
"AACTGTGGTGCAAGCA",6,0.333333333333333,0,0,0,0,TRUE
"GAAGAGCCACCGAAAG",20,0.55,0.05,0.1,0,0,TRUE
"AAGATAGAGCAACTGG",24,0,0.0833333333333333,0.166666666666667,0.0833333333333333,0,FALSE
"AAGATAGCAAATTCCG",26,0.461538461538462,0,0.0384615384615385,0.115384615384615,0,TRUE
"AAGATAGCAACGCACC",7,0,0,0.285714285714286,0.428571428571429,0,FALSE
"AAGATAGGTAACTGAA",64,0.703125,0,0,0.15625,0,TRUE
"ACTATTCGTAACTGAA",20,0.65,0,0.1,0.2,0,TRUE
"AAGATAGGTTATCGAC",37,0.513513513513513,0,0.027027027027027,0.108108108108108,0,TRUE
"ACTATTCGTTATCGAC",20,0.55,0,0,0.05,0,TRUE
"AAGATAGTCGGATAGG",6,0,0,0,0.5,0,FALSE
"ACAGCGCAGGTCACTT",16,0.625,0,0.0625,0.0625,0,TRUE
"AAGGAGCAGCGAGCTA",35,0.6,0.0285714285714286,0.0571428571428571,0.114285714285714,0,TRUE
"AAGGAGCCACTGATAC",7,0,0,0.142857142857143,0.142857142857143,0,FALSE
"AAGGTTCTCGATGCAT",24,0,0,0,0,0,FALSE
"ATGTACGTCTTAAGCG",72,0.611111111111111,0,0.0138888888888889,0.125,0,TRUE
"TAAGTGCGTCACCGCA",104,0.634615384615385,0.00961538461538462,0.0192307692307692,0.0865384615384615,0,TRUE
"AATACGCAGTTGGAAT",22,0.909090909090909,0,0,0,0,TRUE
"AATACGCTCCCGGGTA",7,0,0,0,0,0,FALSE
"AATGGAACAAGCAACG",10,0,0,0,0.1,0,FALSE
"AATGGAACAGGTGGTA",12,0.166666666666667,0,0,0,0,TRUE
"AATGGCTAGAGGCGGA",51,0,0.0196078431372549,0.0196078431372549,0.0980392156862745,0,FALSE
"TGCTCGTGTTTGTGAC",216,0.00925925925925926,0.00925925925925926,0.0324074074074074,0.0833333333333333,0,TRUE
"AATGGCTCAATGAAAC",15,0,0,0,0.0666666666666667,0,FALSE
"AATGGCTTCGCACCTT",28,0,0,0.107142857142857,0.0357142857142857,0,FALSE
"ACAAACCAGGATTTGA",15,0.2,0,0.0666666666666667,0.2,0,TRUE
"AGTTTGGCAGGTAGGT",48,0.625,0,0,0.104166666666667,0,TRUE
"TAGACTGTCCGCTATC",28,0.428571428571429,0,0.0357142857142857,0.178571428571429,0,TRUE
"ACAAACCGTATCTAGC",12,0,0,0,0.25,0,FALSE
"ACAAAGACAACTCAAC",6,0.166666666666667,0,0,0,0,TRUE
"ACAAAGAGTACTAGAA",24,0.625,0,0,0.0833333333333333,0,TRUE
"ACAAGCTAGCGAGAAA",11,0,0,0.0909090909090909,0.181818181818182,0,FALSE
"ACAAGCTCAATTGGCT",6,0,0,0,0,0,FALSE
"ACTAGGTGTAGATGAT",14,0,0.0714285714285714,0.0714285714285714,0.142857142857143,0,FALSE
"GTCACAAGTCTCTGCT",150,0.473333333333333,0.00666666666666667,0.0333333333333333,0.1,0,TRUE
"ACAATCGAGAGGAATG",11,0,0,0.181818181818182,0.272727272727273,0,FALSE
"CACTGAACATCATAGC",110,0.490909090909091,0.00909090909090909,0.0454545454545455,0.145454545454545,0,TRUE
"ACAATCGGTTATCGAC",6,0,0,0,0,0,FALSE
"ACAGAAAAGATTAGAC",18,0.777777777777778,0,0.0555555555555556,0,0,TRUE
"ACAGAAATCCATAGGT",6,0,0,0,0,0,FALSE
"ACAGAAATCGGGAAAC",92,0.0326086956521739,0,0,0,0,TRUE
"TTGAGTGGTACATGGG",17,0,0,0,0,0,FALSE
"ACAGAAATCTGGCACG",25,0,0,0.04,0,0,FALSE
"ACAGACTCATGACTGT",61,0.0163934426229508,0,0.0163934426229508,0.131147540983607,0,TRUE
"ACAGACTTCAAACCAC",12,0,0,0.0833333333333333,0.166666666666667,0,FALSE
"ACAGACTTCGCGGCAT",9,0,0,0,0,0,FALSE
"ACAGCGCAGATGCGCA",57,0.0526315789473684,0,0,0.0175438596491228,0,TRUE
"ACAGCGCAGGTCGTTT",8,0.375,0,0,0.125,0,TRUE
"ACAGCGCAGTCGGGAT",12,0.0833333333333333,0,0,0.166666666666667,0,TRUE
"ACAGCGCCAGCGTAGA",19,0,0,0,0,0,FALSE
"ACAGCGCCATAGCCAT",8,0,0,0,0,0,FALSE
"ACAGCGCTCTTTCGAT",83,0.530120481927711,0,0.108433734939759,0.168674698795181,0,TRUE
"ACCGCGCTCTTTCGAT",11,0.363636363636364,0,0.0909090909090909,0.272727272727273,0,TRUE
"GTGTCAAAGTATGCTC",58,0.482758620689655,0.0172413793103448,0.0172413793103448,0.0689655172413793,0,TRUE
"ACAGGCCAGTCGATAA",6,0,0,0.333333333333333,0,0,FALSE
"ACAGGCCCACTGCTCT",14,0,0,0,0,0,FALSE
"TACGGATAGTAATGTG",57,0.578947368421053,0,0.0175438596491228,0.12280701754386,0,TRUE
"ACAGGCCGTGGCGCTT",10,0,0,0,0.4,0,FALSE
"GCGGTGTAGTACGACG",163,0.343558282208589,0.0245398773006135,0.049079754601227,0.098159509202454,0,TRUE
"ACATGGTGTCATTGGT",40,0.575,0.025,0.025,0.125,0,TRUE
"AGATAGAAGCTTTCCC",18,0.5,0,0,0.166666666666667,0,TRUE
"ACATGCATCCGGAAAG",11,0,0,0,0,0,FALSE
"ACATGGTCAAAGGAAG",35,0,0,0,0.142857142857143,0,FALSE
"ACATGGTGTGTCCAGC",7,0,0,0,0,0,FALSE
"ACCAAACAGATCTAAG",6,0,0,0,0,0,FALSE
"ACCAAACCAATTGCCA",9,0.111111111111111,0,0.111111111111111,0.111111111111111,0,TRUE
"ACCAAACCACACACCG",11,0,0,0,0,0,FALSE
"ACCAAACTCCCATAGA",51,0,0,0,0,0,FALSE
"ACCAAACTCCTCCTGA",7,0,0,0,0,0,FALSE
"ACCAAACTCTACTGCC",9,0,0,0,0.333333333333333,0,FALSE
"ACCATCCAGGAACCGT",11,0,0,0,0.0909090909090909,0,FALSE
"ACCATCCAGTATGGGC",7,0,0,0,0.142857142857143,0,FALSE
"ACCCAAAAGGCCAGTA",6,0,0,0.166666666666667,0.666666666666667,0,FALSE
"ACCCAAATCACCCGGA",7,0,0,0.285714285714286,0,0,FALSE
"ACCGAATGTTCAGTTG",6,0,0,0,0,0,FALSE
"ACCGCAGCAACGTACT",9,0,0,0,0.111111111111111,0,FALSE
"ACCGCAGTCGCCGAAC",6,0,0,0,0,0,FALSE
"ACCGGGTAGTAACACA",16,0,0,0,0,0,FALSE
"ACCGGGTTCTCTTCTC",7,0,0,0,0,0,FALSE
"ACCGGGTTCTGATCTT",18,0.611111111111111,0,0,0.0555555555555556,0,TRUE
"ACCTGCTAGAATCAAC",21,0.714285714285714,0,0,0.0476190476190476,0,TRUE
"ACGTTAGCACAATAAG",175,0.48,0.0114285714285714,0.04,0.131428571428571,0,TRUE
"ACTACGAAGATCCGAG",120,0.475,0.025,0.0416666666666667,0.075,0,TRUE
"ACTAGGTAGATCTAAG",94,0.553191489361702,0,0.0106382978723404,0.117021276595745,0,TRUE
"ACGAGGTAGATCTAAG",10,0.7,0,0.1,0.2,0,TRUE
"TCGATTTAGCGTCTGC",38,0.5,0.0263157894736842,0.0526315789473684,0.131578947368421,0,TRUE
"ACGGATTTCCGCGATG",7,0,0,0,0.428571428571429,0,FALSE
"ACTTCCGGTCAGCTTA",34,0.705882352941177,0,0,0.0294117647058824,0,TRUE
"ACGTGGCAGGTGTCGA",36,0,0,0,0.0833333333333333,0,FALSE
"CTCATGCGTACCGGCT",108,0.574074074074074,0.0185185185185185,0.00925925925925926,0.0925925925925926,0,TRUE
"GAACCGCGTTTAAGGA",17,0,0,0,0.0588235294117647,0,FALSE
"GTCTACCTCCAATAGC",78,0.538461538461538,0.0128205128205128,0.0384615384615385,0.0897435897435897,0,TRUE
"ACGTTAGCAGCAACAG",10,0,0,0.1,0,0,FALSE
"ACTAACGAGCTGGAGT",10,0,0,0,0,0,FALSE
"GCATTCCCAGGTAGGT",13,0,0,0,0,0,FALSE
"ACTACCCTCACATTCT",8,0,0.25,0.25,0.375,0,FALSE
"ACTACCCTCCTAAAGC",18,0.666666666666667,0.0555555555555556,0.111111111111111,0,0,TRUE
"CTTCTAAGTAGCTGTT",33,0.0606060606060606,0,0.0303030303030303,0,0,TRUE
"TGGGTGCGTGCAGACA",52,0.5,0.0192307692307692,0.0576923076923077,0.0576923076923077,0,TRUE
"ACTACGAGTACTAGAA",19,0,0.0526315789473684,0.0526315789473684,0,0,FALSE
"AGGCGAATCCAAGAGG",73,0.780821917808219,0.0273972602739726,0.0136986301369863,0.0821917808219178,0,TRUE
"ACTCGGGTCTGGCCAG",7,0,0,0,0,0,FALSE
"TGTGACATCCTGAAAC",9,0.111111111111111,0,0,0.111111111111111,0,TRUE
"CACTGAAGTAAACGGC",136,0.397058823529412,0,0.00735294117647059,0.110294117647059,0,TRUE
"ACTGCAATCTTGTCGC",88,0.477272727272727,0.0454545454545455,0.0568181818181818,0.102272727272727,0,TRUE
"ACTGCAATCCCGATTC",6,0,0,0,0.166666666666667,0,FALSE
"ACTGCGGAGAACGTTA",6,0,0,0.333333333333333,0,0,FALSE
"ACTGCGGGTGTTAGAA",13,0.0769230769230769,0,0,0,0,TRUE
"AGCTGTATCCATGACA",7,0.142857142857143,0,0,0,0,TRUE
"ACTGTCCCAGGAGCAT",6,0,0,0,0,0,FALSE
"ACTGTCCGTATCACAC",9,0,0,0,0,0,FALSE
"ACTGTCCGTCAACAGG",8,0,0,0,0.125,0,FALSE
"AGACAAAAGTTGGAAT",52,0.519230769230769,0,0.0192307692307692,0.173076923076923,0,TRUE
"AGACAAAGTTAGAGAT",11,0.636363636363636,0,0.0909090909090909,0.272727272727273,0,TRUE
"AGATAGATCCCAATAG",67,0.701492537313433,0,0.0149253731343284,0.134328358208955,0,TRUE
"ATAGGCTAGAGGCAGG",82,0.621951219512195,0.0121951219512195,0.024390243902439,0.121951219512195,0,TRUE
"ATAGGCTCACACACAT",92,0.58695652173913,0,0,0.0869565217391304,0,TRUE
"AGATAGAAGCATGTGG",14,0,0,0.142857142857143,0,0,FALSE
"AGATAGACATCCTCGT",6,0,0,0,0,0,FALSE
"AGATAGATCAAACCAC",17,0.647058823529412,0,0,0.176470588235294,0,TRUE
"AGATAGATCCCGGGTA",6,0,0,0,0,0,FALSE
"AGATTCGAGGCTTCGC",61,0.524590163934426,0.0327868852459016,0.0327868852459016,0.0983606557377049,0,TRUE
"GTCACTCCAGAGCCAA",7,0.714285714285714,0,0,0,0,TRUE
"AGATTCGGTGGTACTT",7,0,0,0.142857142857143,0,0,FALSE
"AGCGATTGTTCCCTTG",55,0.527272727272727,0,0.0363636363636364,0.0727272727272727,0,TRUE
"TGCATGATCACGATTG",10,0,0,0.2,0,0,FALSE
"GGCATTATCGCTGATA",62,0.419354838709677,0,0.032258064516129,0.129032258064516,0,TRUE
"AGCCAGCCACTGGGCT",11,0,0,0.272727272727273,0,0,FALSE
"GGAGAACGTTTGTACG",66,0.46969696969697,0.0303030303030303,0.0454545454545455,0.0606060606060606,0,TRUE
"AGCCAGCTCCCACGGA",8,0,0,0,0,0,FALSE
"AGCCAGCTCGTTCAGA",8,0,0,0,0,0,FALSE
"AGCCCGAAGTCAGGAC",25,0,0,0.08,0,0,FALSE
"AGCCCGAGTTAGTAGA",9,0.111111111111111,0,0,0,0,TRUE
"AGCCCGAGTTCATTTC",20,0,0,0,0,0,FALSE
"AGCCGCACACTTATGG",28,0.75,0,0,0.25,0,TRUE
"AGCCTTCTCAGTCTTT",19,0.736842105263158,0.0526315789473684,0.105263157894737,0.0526315789473684,0,TRUE
"AGCCTCTCAGAACAGC",15,0,0,0,0.133333333333333,0,FALSE
"AGCCTCTGTAAAGCTA",7,0,0,0,0.142857142857143,0,FALSE
"AGCCTGGTCACCACAA",6,0,0,0,0,0,FALSE
"CCGCATTCATTCACCC",43,0.581395348837209,0,0.0232558139534884,0.0697674418604651,0,TRUE
"AGCCTTCAGCGCGTTC",6,0.333333333333333,0,0,0,0,TRUE
"AGCCTTCGTTTGAAGA",6,0,0,0,0.333333333333333,0,FALSE
"GCTTAAGTCTACCCGT",82,0.524390243902439,0,0.0365853658536585,0.0975609756097561,0,TRUE
"AGCGATTTCACCCGGA",75,0,0,0.0133333333333333,0,0,FALSE
"TAGCGGCGTCATTGCA",44,0.681818181818182,0.0227272727272727,0.0227272727272727,0.204545454545455,0,TRUE
"AGCGTATAGCCATCAT",22,0.0909090909090909,0,0.227272727272727,0.0454545454545455,0,TRUE
"AGCGTGCAGGGAAGCG",10,0,0,0,0,0,FALSE
"AGCTATGGTCCAACCG",7,0.285714285714286,0,0.142857142857143,0.142857142857143,0,TRUE
"GACTAGTAGACCCTAT",132,0.484848484848485,0.00757575757575758,0.0454545454545455,0.128787878787879,0,TRUE
"GGGAACAGTAGCAGGT",22,0.409090909090909,0.0454545454545455,0.0909090909090909,0,0,TRUE
"AGCTGATTCAGTGGTT",9,0,0,0,0,0,FALSE
"AGCTGATTCCAAGAGG",13,0,0,0.153846153846154,0,0,FALSE
"AGCTGGCAGTGGACGT",8,0,0,0,0,0,FALSE
"TGCCTGTTCGCTTCAC",52,0,0,0.0192307692307692,0.134615384615385,0,FALSE
"AGCTGTACAATTGCCA",6,0,0,0,0.166666666666667,0,FALSE
"AGGCCCATCGTATAGC",24,0.125,0,0,0,0,TRUE
"AGGACGAAGGCAGATC",6,0,0,0.166666666666667,0.333333333333333,0,FALSE
"AGGACGAAGTCCTTCC",6,0,0,0.166666666666667,0,0,FALSE
"CAGGATTTCCTGTAGA",78,0.0256410256410256,0,0.0512820512820513,0.141025641025641,0,TRUE
"AGGCCCAAGACAACGC",21,0.714285714285714,0,0,0.238095238095238,0,TRUE
"AGGCGAACACACACAT",8,0.75,0,0,0,0,TRUE
"TATTGCTAGTCTCCAA",22,0.0454545454545455,0.0454545454545455,0.0454545454545455,0.0909090909090909,0,TRUE
"AGGCGAAGTAGTCTGT",8,0,0,0,0,0,FALSE
"AGGCGAAGTGATGTGG",6,0,0,0.5,0,0,FALSE
"AGGCGTCAGCGTTAGG",477,0.0566037735849057,0.0125786163522013,0.039832285115304,0.0733752620545073,0,TRUE
"AGGCGTCAGCGGTAGG",38,0.105263157894737,0.0263157894736842,0.0789473684210526,0.0526315789473684,0,TRUE
"AGGCGTCTCGCTGATA",10,0,0,0,0.1,0,FALSE
"CGCGCAACAGCGTGAA",68,0.5,0.0294117647058824,0.0294117647058824,0.147058823529412,0,TRUE
"ATGTCTTGTGCATTCA",30,0.633333333333333,0.0333333333333333,0.0666666666666667,0.2,0,TRUE
"AGTCAACGTTACGCTA",9,0.555555555555556,0,0,0.333333333333333,0,TRUE
"AGTCCGGCAGAGTCGA",12,0,0,0,0.0833333333333333,0,FALSE
"ATTCGTTAGTTGGAAT",155,0.00645161290322581,0,0,0,0,TRUE
"AGTGCCGAGCAGAAAG",23,0.652173913043478,0,0,0.173913043478261,0,TRUE
"TGTGGCGCATGGCCTG",6,0.833333333333333,0,0,0,0,TRUE
"AGTGCCGGTCCAACCG",14,0.357142857142857,0,0,0.0714285714285714,0,TRUE
"AGTGTACTCGCACCTT",9,0,0,0.111111111111111,0.222222222222222,0,FALSE
"AGTGTACTCTGGCTAA",7,0,0,0,0,0,FALSE
"AGTTACGAGCCCATTA",6,0,0,0,0.166666666666667,0,FALSE
"AGTTACGAGTATACGA",10,0,0.1,0.1,0.1,0,FALSE
"TGCCTCAGTTTGCATG",33,0.575757575757576,0.0303030303030303,0,0.0606060606060606,0,TRUE
"AGTTTGGAGTCTCTAG",6,0,0,0,0,0,FALSE
"AGTTTGGCAAACCCTA",6,0,0,0,0.333333333333333,0,FALSE
"AGTTTGGCATCACAAC",37,0,0,0.108108108108108,0,0,FALSE
"AGTTTGGGTAATGCAA",12,0,0,0,0,0,FALSE
"AGTTTGGGTGTACGCC",16,0,0,0.0625,0,0,FALSE
"AGTTTGGTCTACCCGT",11,0,0,0,0.363636363636364,0,FALSE
"AGTTTGGTCTGTTGCC",8,0,0,0,0.125,0,FALSE
"ATAGGCTGTCCTTATT",61,0.508196721311475,0.0819672131147541,0.0327868852459016,0.0983606557377049,0,TRUE
"ATAGGCTAGGTTCTCA",11,0,0,0.181818181818182,0.0909090909090909,0,FALSE
"ATAGGCTAGTGAGTTA",6,0.333333333333333,0,0,0,0,TRUE
"ATAGGCTAGTTCAACC",6,0,0,0,0,0,FALSE
"GCGTTGGGTATTCACG",56,0.482142857142857,0.0178571428571429,0.0892857142857143,0.0892857142857143,0,TRUE
"ATAGGCTGTTAACCGT",6,0,0,0,0,0,FALSE
"ATAGTCGAGGAAGGTA",10,0.1,0,0,0.3,0,TRUE
"ATAGTCGGTACGCAAG",7,0,0,0.142857142857143,0,0,FALSE
"GCCAGCATCAGGAAGC",102,0.196078431372549,0.0196078431372549,0.0882352941176471,0.0588235294117647,0,TRUE
"ATATTCCCACGCTAAT",6,0,0,0,0.333333333333333,0,FALSE
"ATATTCCGTCCGTGCA",42,0.595238095238095,0,0.0714285714285714,0.142857142857143,0,TRUE
"GAGACTTTCGCTATAG",130,0.430769230769231,0.0307692307692308,0.0307692307692308,0.123076923076923,0,TRUE
"ATCCAGACAAACCCTA",7,0,0,0,0,0,FALSE
"ATCCAGAGTATGGGTG",14,0,0,0.0714285714285714,0.214285714285714,0,FALSE
"ATCCAGATCCCTACGT",47,0.531914893617021,0.0212765957446809,0.0212765957446809,0.106382978723404,0,TRUE
"ATCCCTGGTTATCGAC",31,0.774193548387097,0,0.032258064516129,0.0967741935483871,0,TRUE
"ATCCCTGAGTAGTCGG",9,0,0.222222222222222,0.555555555555556,0,0,FALSE
"ATCCCTGGTACTTGAC",10,0,0,0.1,0.4,0,FALSE
"ATCCCTGGTGTCCAGC",6,0,0,0,0.333333333333333,0,FALSE
"GAGCGCTGTTATGCAC",42,0.571428571428571,0.0238095238095238,0.0476190476190476,0.0952380952380952,0,TRUE
"ATCCTCGAGCATACCT",6,0,0,0,0.166666666666667,0,FALSE
"ATCCTCGCAAATTGAG",14,0,0,0,0,0,FALSE
"ATCCTCGCAGGTCCTG",22,0.636363636363636,0.0909090909090909,0.0454545454545455,0.227272727272727,0,TRUE
"CACTAAGAGACTAGCG",23,0.652173913043478,0,0,0.173913043478261,0,TRUE
"ATCCTCGCAGTCAGAG",15,0,0,0,0.133333333333333,0,FALSE
"ATCCTGCCATCACAGT",9,0,0,0,0,0,FALSE
"ATCCTGCGTGTGTGTT",6,0,0,0,0,0,FALSE
"ATCCTGCGTCGATTAC",12,0.0833333333333333,0,0,0,0,TRUE
"ATCGAGTAGGAACCGT",6,0.166666666666667,0,0,0.333333333333333,0,TRUE
"ATCGAGTCACTGAAGG",6,0.166666666666667,0,0,0.333333333333333,0,TRUE
"ATCGAGTTCCTTTGCG",10,0,0,0,0.2,0,FALSE
"ATGCATGAGGCAGTAC",14,0.5,0.0714285714285714,0,0.142857142857143,0,TRUE
"ATGCATGGTTCAGAAA",9,0,0,0,0,0,FALSE
"ATGGATCAGGTCCTCG",6,0,0,0,0.166666666666667,0,FALSE
"ATGTACGTCCGCGATG",15,0,0,0.266666666666667,0.0666666666666667,0,FALSE
"ATGTCGACACGTTGTA",7,0,0,0,0,0,FALSE
"ATGTCGAGTGCGACCT",10,0,0,0.1,0.3,0,FALSE
"ATGTCTTGTATGAAGT",11,0.0909090909090909,0,0,0,0,TRUE
"ATGTCTTAGGAGAACA",6,0,0,0,0,0,FALSE
"GTGACATCAGCGCGTT",21,0.0476190476190476,0,0,0.0476190476190476,0,TRUE
"ATGTTTCCATTGAACC",6,0,0,0.333333333333333,0.166666666666667,0,FALSE
"ATGTTTCCATTGCACA",6,0,0,0.166666666666667,0,0,FALSE
"ATGTTTCTCCAGGGAA",35,0,0,0.0857142857142857,0.114285714285714,0,FALSE
"ATGTTTCTCCGATGCG",7,0,0,0,0.142857142857143,0,FALSE
"ATTACCTCAGATTAAG",29,0,0,0.0344827586206897,0.0344827586206897,0,FALSE
"ATTACCTGTGCACATT",32,0.03125,0,0,0.0625,0,TRUE
"ATTACCTTCTCGCGGA",6,0,0,0.166666666666667,0.166666666666667,0,FALSE
"ATTACTCCAAGGAAGA",9,0,0.111111111111111,0.222222222222222,0.222222222222222,0,FALSE
"ATTACTCGTCATAGCT",6,0,0,0,0.166666666666667,0,FALSE
"ATTACTCTCCTTACGC",23,0.478260869565217,0,0,0.130434782608696,0,TRUE
"ATTCGGTAGTTGGAAT",9,0,0,0,0,0,FALSE
"ATTCGTTGTCAACTGT",6,0,0,0,0,0,FALSE
"ATTCGTTTCGGGACAA",30,0,0,0.5,0,0,FALSE
"CTTCTAACATTAACGC",33,0.393939393939394,0,0,0.121212121212121,0,TRUE
"ATTGTCTCACAGAAGC",6,0,0,0.166666666666667,0,0,FALSE
"ATTGTCTCACACTAGT",69,0,0.0434782608695652,0.159420289855072,0.0144927536231884,0,FALSE
"CAACGTAGTCAACTAC",9,0.555555555555556,0,0,0,0,TRUE
"ATTGTGGCACACACCG",41,0.48780487804878,0.024390243902439,0.0731707317073171,0.146341463414634,0,TRUE
"ATTTGTCAGTGATCTC",78,0,0,0.0512820512820513,0.0128205128205128,0,FALSE
"ATTTGTCCACACATTG",9,0,0,0,0.111111111111111,0,FALSE
"CAAAGCTAGACAGCTG",7,0,0,0,0,0,FALSE
"CAAAGCTAGAGCGAAA",13,0,0,0.384615384615385,0.0769230769230769,0,FALSE
"CAAAGCTAGCGTGTTT",7,0,0,0,0,0,FALSE
"CAAAGCTCAAGATGCG",9,0.111111111111111,0,0,0.111111111111111,0,TRUE
"CAAAGCTCACCGAATT",7,0,0,0,0,0,FALSE
"CAAAGCTCACGAACGA",79,0,0,0,0.0126582278481013,0,FALSE
"CAAAGCTGTGCACATT",8,0,0,0.125,0.375,0,FALSE
"CTAGGGCTCTGGCTAA",56,0.625,0.0178571428571429,0.0535714285714286,0.142857142857143,0,TRUE
"CAACCAAGTCTTAGCA",8,0,0,0,0,0,FALSE
"CGTAAACCAGCCACGT",23,0.0434782608695652,0,0,0,0,TRUE
"CAACGGCAGTGTTCCA",20,0,0,0,0,0,FALSE
"CAACGGCCAAACTACC",16,0,0,0.125,0,0,FALSE
"CAACGTACAGCGTCGT",6,0,0,0,0.166666666666667,0,FALSE
"CTTGCTGCACTCCACT",24,0.5,0,0.0833333333333333,0.166666666666667,0,TRUE
"CAAGAAACATCGTGAT",7,0,0,0,0.142857142857143,0,FALSE
"CAAGAAAGTGTCCTTC",7,0,0,0,0,0,FALSE
"CAATCCCAGTCTCCAA",73,0.671232876712329,0.0273972602739726,0.0547945205479452,0.10958904109589,0,TRUE
"CAAGCTATCAGCCGGT",34,0,0.0588235294117647,0.0588235294117647,0.0294117647058824,0,FALSE
"CAAGGCCGTGGTCGAA",16,0,0,0,0,0,FALSE
"CGAGTTAAGTTTGGAA",60,0.566666666666667,0.0333333333333333,0.05,0.05,0,TRUE
"CAATCCCGTCTAACCA",27,0,0,0.111111111111111,0.0740740740740741,0,FALSE
"CAATCCCGTTCCCAAA",6,0,0,0.166666666666667,0,0,FALSE
"CAATCCCGTTTCTACT",9,0,0,0,0.111111111111111,0,FALSE
"GCTGAGCTCAACACGT",96,0.59375,0,0.0208333333333333,0.09375,0,TRUE
"CACAGATCAATTGTGC",6,0.166666666666667,0,0,0.166666666666667,0,TRUE
"CACAGATCAGCAATGG",14,0,0,0,0.0714285714285714,0,FALSE
"CACAGATGTAGATGAT",18,0,0,0.111111111111111,0.0555555555555556,0,FALSE
"CACATGACATCCTCGT",71,0.591549295774648,0.0140845070422535,0.0140845070422535,0.0985915492957746,0,TRUE
"CACCACTGTAAACGTA",6,0,0,0,0.333333333333333,0,FALSE
"CACCACTGTAACCGAG",38,0.605263157894737,0,0.0263157894736842,0.0526315789473684,0,TRUE
"CACCACTGTTAACCGT",11,0,0,0.0909090909090909,0.181818181818182,0,FALSE
"CACCTGTAGATATGTG",7,0,0,0,0,0,FALSE
"CACCTGTCAATTGTGC",9,0,0,0,0,0,FALSE
"CACCTGTGTCAATCCA",8,0,0,0,0.125,0,FALSE
"GCACCTTAGTCCTTCC",42,0.666666666666667,0.0238095238095238,0,0.0952380952380952,0,TRUE
"CACCTTGAGGGTCCCT",11,0,0,0.181818181818182,0,0,FALSE
"CACTGAAAGAAAGCAG",9,0,0.222222222222222,0.444444444444444,0,0,FALSE
"CACTGAAAGTAGACCG",6,0,0,0,0.333333333333333,0,FALSE
"CACTGAACAACGGGTA",11,0.454545454545455,0,0,0,0,TRUE
"GGCACGTAGGGAAATG",171,0.461988304093567,0,0.0116959064327485,0.111111111111111,0,TRUE
"TTGCGAAGTACAAGCG",212,0.561320754716981,0.0141509433962264,0.0424528301886792,0.0707547169811321,0,TRUE
"CACTGAATCTCCCTTT",23,0,0,0,0,0,FALSE
"GTTGGGCCAATGGCAG",117,0.555555555555556,0.00854700854700855,0.0598290598290598,0.11965811965812,0,TRUE
"CTGCTCAGTGAGCTAG",7,0,0,0.285714285714286,0,0,FALSE
"CAGCTAACATGGCCTG",17,0,0,0,0.117647058823529,0,FALSE
"CAGGATTGTATGGATA",9,0.111111111111111,0,0.222222222222222,0.111111111111111,0,TRUE
"CAGGATTGTCTGTTGA",9,0,0.222222222222222,0.222222222222222,0.111111111111111,0,FALSE
"CAGGATTGTGGCGCTT",6,0,0,0,0,0,FALSE
"CAGGGCTCATTGTGAC",51,0.450980392156863,0.0196078431372549,0.0392156862745098,0.117647058823529,0,TRUE
"CAGTGTACAAATTCCG",26,0,0,0.0384615384615385,0.115384615384615,0,FALSE
"CAGTATGAGAGAACCC",15,0.6,0,0,0.133333333333333,0,TRUE
"CAGTATGAGGCTTCGC",7,0,0,0,0,0,FALSE
"CAGTATGTCGAGTGTT",13,0,0,0.153846153846154,0.0769230769230769,0,FALSE
"CATTCCGTCTGGGCGT",18,0.555555555555556,0.0555555555555556,0.0555555555555556,0.111111111111111,0,TRUE
"CAGTGCGAGATGAGGA",8,0.25,0,0,0,0,TRUE
"TACATGGGTGCACTTA",36,0.583333333333333,0,0.0833333333333333,0.111111111111111,0,TRUE
"CAGTGTAAGTTCAACC",10,0,0,0,0,0,FALSE
"CAGTGTACATGCTATG",19,0.894736842105263,0,0,0.157894736842105,0,TRUE
"CATAACGCAGAGATGC",9,0,0,0,0,0,FALSE
"CATAACGCAGCACATT",26,0,0,0,0,0,FALSE
"CATGCCTCAATTAGGA",45,0.733333333333333,0,0,0.2,0,TRUE
"TCGGGACCAATGGCAG",221,0.447963800904977,0.0135746606334842,0.0452488687782805,0.117647058823529,0,TRUE
"TTGCAGAGTAACCCAT",60,0.516666666666667,0.0166666666666667,0.0666666666666667,0.116666666666667,0,TRUE
"CATGTTTTCAGGCCGT",6,0,0,0,0.166666666666667,0,FALSE
"CATGTTTTCGGGAATG",11,0,0,0,0,0,FALSE
"CATTCATCAGTCAGAG",21,0,0,0.0476190476190476,0.285714285714286,0,FALSE
"CATTCATTCAAAGTAG",19,0.368421052631579,0,0,0,0,TRUE
"CATTCCGCATATAGAG",6,0,0,0,0,0,FALSE
"CATTGGAAGGCAGATC",76,0.657894736842105,0.0131578947368421,0.0394736842105263,0.171052631578947,0,TRUE
"CATTGGACACCACGAC",9,0,0,0.111111111111111,0,0,FALSE
"CCAATGAAGCTAGCAG",9,0,0.222222222222222,0.222222222222222,0.111111111111111,0,FALSE
"CCAATGACAAGACTTC",35,0.2,0.0571428571428571,0.0571428571428571,0.114285714285714,0,TRUE
"CTCACCAAGTTGGAAT",106,0.5,0,0.0377358490566038,0.0943396226415094,0,TRUE
"CCAGAATAGGTACTCT",37,0,0.027027027027027,0,0.0810810810810811,0,FALSE
"CCAGAATCAAATAGTG",49,0.0408163265306122,0,0.0408163265306122,0.510204081632653,0,TRUE
"CCAGATACATATACGC",7,0,0,0,0.285714285714286,0,FALSE
"CCATACCAGAACTCCT",7,0,0,0.142857142857143,0.428571428571429,0,FALSE
"CCATACCAGACTCGGA",7,0.571428571428571,0,0,0,0,TRUE
"CCATACCCAAATAGTG",29,0,0,0.0344827586206897,0.103448275862069,0,FALSE
"CCATACCCACTGATTG",8,0,0,0.125,0,0,FALSE
"CCATACCCATTCCCGT",21,0,0.0476190476190476,0.0952380952380952,0.142857142857143,0,FALSE
"CCATACCTCCGATGCG",7,0,0,0.142857142857143,0,0,FALSE
"CCTTGCACAGGTAGGT",17,0.588235294117647,0,0,0.117647058823529,0,TRUE
"CCCAGAGCATTTCACT",43,0.558139534883721,0.0232558139534884,0.0232558139534884,0.0930232558139535,0,TRUE
"CCCAGAGGTAAACGTA",35,0,0,0.0285714285714286,0.228571428571429,0,FALSE
"CCCAGAGGTCAGCAAG",9,0.333333333333333,0,0,0,0,TRUE
"CCCAGAGGTGTCCTTC",11,0.636363636363636,0,0,0.0909090909090909,0,TRUE
"TTGTCTAAGCGAATAT",111,0.369369369369369,0.018018018018018,0.036036036036036,0.153153153153153,0,TRUE
"CCCTCTCGTTCACGTA",77,0.649350649350649,0,0.012987012987013,0.0909090909090909,0,TRUE
"CCCGTTACAGTTACAC",6,0,0,0,0,0,FALSE
"CCCGTTAGTAAACGGC",18,0,0,0,0,0,FALSE
"CCCGTTATCATACTTC",15,0,0,0.0666666666666667,0.2,0,FALSE
"CCCTAACGTTTGTCTT",7,0,0,0,0.285714285714286,0,FALSE
"CCCTAACTCTGGAAGG",6,0,0,0,0,0,FALSE
"CCCTAGTTCAAATGGA",7,0,0,0,0.142857142857143,0,FALSE
"CCCTCTCGTTTCCGGG",6,0,0,0,0.166666666666667,0,FALSE
"CCCTGATAGTCCCTCT",69,0.0289855072463768,0.0144927536231884,0.0434782608695652,0.0869565217391304,0,TRUE
"CCGAAGCAGGCCAATG",7,0,0,0.142857142857143,0,0,FALSE
"CCGAAGCAGTCCCTCT",7,0,0,0,0,0,FALSE
"CCGAAGCGTAACGGCA",6,0,0,0,0,0,FALSE
"CCGAAGCGTATCCTTT",6,0,0,0,0,0,FALSE
"CCGAAGCGTTCCGCGA",18,0.555555555555556,0,0,0.277777777777778,0,TRUE
"CCGAAGCTCGATGTAC",34,0.558823529411765,0.0588235294117647,0.0588235294117647,0.147058823529412,0,TRUE
"TGCACCTAGCCTCGCA",9,0.666666666666667,0,0,0,0,TRUE
"TCCAGAAAGACGTCAG",7,0.142857142857143,0,0,0,0,TRUE
"TCGATTTAGAGGAAGT",63,0.0476190476190476,0,0,0,0,TRUE
"GCTTAAGTCCCGTAGG",16,0.5625,0,0,0.1875,0,TRUE
"CCGCATTAGCTGCTCG",9,0,0,0,0,0,FALSE
"CCGCATTAGTGATTAG",6,0.166666666666667,0,0,0,0,TRUE
"CCTGCTAGTGATTCCA",62,0.532258064516129,0.0161290322580645,0.032258064516129,0.193548387096774,0,TRUE
"CCGTACTAGACCCATT",9,0,0,0,0,0,FALSE
"CCGTACTCATACTGCA",9,0.333333333333333,0,0.111111111111111,0,0,TRUE
"CCGTACTCATGCGTTA",26,0.115384615384615,0,0,0,0,TRUE
"CCGTACTTCAGGATCT",12,0.916666666666667,0,0.0833333333333333,0.166666666666667,0,TRUE
"CCGTACTTCGTTCTAT",12,0,0,0,0.333333333333333,0,FALSE
"CCGTACTTCTACCCGT",10,0,0.1,0,0,0,FALSE
"CGAGTTAAGGAGAACA",47,0,0,0,0,0,FALSE
"CCGTAGGAGACGCCAA",7,0,0,0,0.285714285714286,0,FALSE
"CCGTGAGTCCAATAGC",15,0.733333333333333,0,0,0,0,TRUE
"CCGTGAGTCGAGTGTT",9,0,0,0,0,0,FALSE
"CCTTGGTCACAGGAAC",58,0.448275862068966,0.0172413793103448,0.0517241379310345,0.0344827586206897,0,TRUE
"CCTAAAGCAATACTGC",7,0,0,0,0,0,FALSE
"CCTAAAGCACGCCGAT",14,0,0.0714285714285714,0.142857142857143,0.0714285714285714,0,FALSE
"CCTAAAGTCTGAGTAC",6,0,0,0,0.666666666666667,0,FALSE
"CCTCCCTGTTCACGTA",8,0,0,0,0,0,FALSE
"CCTGGGACACCTGAAT",21,0.761904761904762,0,0,0.19047619047619,0,TRUE
"CCTGGGATCATTCTCA",20,0,0,0.05,0,0,FALSE
"CCTTAATAGTTCAGGG",10,0,0,0,0,0,FALSE
"CCTTGCAAGAATACTG",12,0,0,0,0.25,0,FALSE
"CCTTGCAGTGTCCTTC",23,0,0,0,0,0,FALSE
"CCTTGGTAGCACCATT",9,0.777777777777778,0,0,0.222222222222222,0,TRUE
"CTAACTTAGAGGCAGG",29,0.0689655172413793,0.0344827586206897,0.0344827586206897,0,0,TRUE
"CGAGTTAGTAGTACAA",8,0.125,0,0,0,0,TRUE
"CGAGTTAAGCAGAAAG",16,0,0,0.125,0.0625,0,FALSE
"CGAGTTAGTTACACTG",7,0,0,0,0,0,FALSE
"TTGTCTATCCGATTGA",191,0.0261780104712042,0.0523560209424084,0.146596858638743,0.183246073298429,0,TRUE
"CGATGATAGTGTCGCC",10,0,0,0,0,0,FALSE
"CGATGATCACGACGAA",10,0.6,0,0,0,0,TRUE
"CGATGATGTGTGTGTT",6,0,0,0,0,0,FALSE
"CGATGATGTTACACTG",8,0,0,0.25,0,0,FALSE
"CGCAATACATGGGTGA",22,0,0,0,0.0454545454545455,0,FALSE
"CGCAATACATTAACGC",12,0,0,0,0,0,FALSE
"CGCAATATCAGGATCT",15,0.6,0,0,0.2,0,TRUE
"CGCACAGCATTACTCT",6,0.166666666666667,0,0,0,0,TRUE
"CGCACAGTCGTGGAAG",15,0,0,0,0,0,FALSE
"CGCAGGTAGACAGCTG",6,0,0,0,0,0,FALSE
"CGCAGGTAGTCCTTCC",8,0,0,0,0,0,FALSE
"CGCAGGTGTCCGTAGC",16,0,0,0,0.125,0,FALSE
"CGCAGGTTCCATACGA",16,0.8125,0,0,0.1875,0,TRUE
"CGCGCAAAGTAGTCGG",12,0,0,0.0833333333333333,0.0833333333333333,0,FALSE
"CGCGCAATCTCGTAGA",6,0,0,0,0.166666666666667,0,FALSE
"CGCTGGAAGGCAAGGG",51,0.470588235294118,0,0.0392156862745098,0.0980392156862745,0,TRUE
"CTGCGTTCAACACGGA",45,0.444444444444444,0.0222222222222222,0.133333333333333,0.0888888888888889,0,TRUE
"CGCTAGGAGAAATTCG",15,0,0,0.2,0,0,FALSE
"CGCTAGGGTTAGGAAT",8,0.875,0,0.125,0.125,0,TRUE
"GTTGGTAAGGTTAGTA",6,0,0,0,0,0,FALSE
"CGCTGGAAGATCTCAC",7,0.142857142857143,0,0,0.285714285714286,0,TRUE
"CGCTGGACACTGGGCT",13,0.461538461538462,0,0,0.153846153846154,0,TRUE
"CGCTGGATCACTCCCA",9,0,0,0.111111111111111,0.111111111111111,0,FALSE
"CGGACCAAGTGTAATG",6,0,0,0,0.166666666666667,0,FALSE
"CGGACCACAACGCAAG",9,0,0,0,0.111111111111111,0,FALSE
"CGGACCACAAGATTAG",18,0.0555555555555556,0,0.111111111111111,0.277777777777778,0,TRUE
"CGGACCACACGACGAA",8,0.625,0,0,0,0,TRUE
"CGGACCAGTAACAATG",11,1,0,0,0,0,TRUE
"CGGACCAGTACGTATC",9,0,0,0.222222222222222,0.222222222222222,0,FALSE
"GGGACCTGTTTCCACC",77,0,0.025974025974026,0.155844155844156,0.116883116883117,0,FALSE
"CGGACTGAGACTCGGA",73,0.547945205479452,0,0.0410958904109589,0.10958904109589,0,TRUE
"CGGACTGAGGGTGTTG",12,0,0,0,0,0,FALSE
"CGGACTGTCATTCGGA",20,0,0,0,0.05,0,FALSE
"CGGTGCACAACAACTC",18,0.111111111111111,0,0.0555555555555556,0.0555555555555556,0,TRUE
"CGGTGCACATAGATAG",8,0.125,0,0.125,0.125,0,TRUE
"CGGTGCAGTCCACCAG",7,0,0,0,0.571428571428571,0,FALSE
"CGGTGCAGTCGAGGAT",195,0.00512820512820513,0.0153846153846154,0.0666666666666667,0.0461538461538462,0,TRUE
"CGGTGCAGTTGCAGCC",6,0,0,0,0.333333333333333,0,FALSE
"TGGGTGCTCCAAGTCA",15,0,0,0.0666666666666667,0.133333333333333,0,FALSE
"CGTAAACAGACGTCAG",10,0.3,0,0,0,0,TRUE
"CGTAAACAGGCCTCGT",16,0,0,0,0,0,FALSE
"CGTAAACCAGGTAGGT",44,0.772727272727273,0.0227272727272727,0.0454545454545455,0.113636363636364,0,TRUE
"TCAAGCAGTAACTGAA",20,0.5,0.05,0.1,0.1,0,TRUE
"CGTAAACGTACAAGCG",11,0,0,0,0.0909090909090909,0,FALSE
"TTGCTATAGAGATTAC",41,0.463414634146341,0,0.024390243902439,0.121951219512195,0,TRUE
"CGTAAACTCCGGGCAT",11,0,0,0,0,0,FALSE
"CGTACAAAGTAATCAG",6,0,0.333333333333333,0,0,0,FALSE
"CTTGAAGCACAGGAAC",13,0,0,0,0,0,FALSE
"CTTGCTGCAGATACAA",88,0.454545454545455,0.0113636363636364,0.0340909090909091,0.0568181818181818,0,TRUE
"CGTGGCAAGAGTGGAA",6,0,0,0,0,0,FALSE
"CGTGGCAAGGCCTCGT",16,0.125,0,0,0.125,0,TRUE
"CGTGGCAAGGCGCTTC",6,0,0,0,0,0,FALSE
"CGTGGCATCCGGACTG",75,0.56,0,0.0533333333333333,0.106666666666667,0,TRUE
"GGAACTTAGTCGACCC",18,0.666666666666667,0.0555555555555556,0.111111111111111,0.222222222222222,0,TRUE
"CGTTCCACAACGCAAG",6,0.166666666666667,0,0,0,0,TRUE
"CGTTCCAGTCAAATCC",6,0,0.166666666666667,0,0.166666666666667,0,FALSE
"CGTTCCATCCATCATT",6,0,0,0,0,0,FALSE
"CTAACTTTCTCTTCCT",24,0.583333333333333,0,0,0.0833333333333333,0,TRUE
"CTACAGACAGCTGATT",6,0.333333333333333,0,0,0,0,TRUE
"CTACAGAGTTTAGAAG",12,0,0,0.0833333333333333,0,0,FALSE
"CTACAGATCCAAGAGG",14,0,0,0,0,0,FALSE
"CTACTTACATACTGCA",10,0,0.1,0.3,0,0,FALSE
"CTAGGATAGGATCCTT",13,0,0,0,0,0,FALSE
"CTAGGATCAATGAAAC",7,0.285714285714286,0,0.142857142857143,0.142857142857143,0,TRUE
"CTAGGATGTACGTAGG",6,0,0,0,0,0,FALSE
"CTAGGATGTCATCGTA",7,0,0,0,0.142857142857143,0,FALSE
"CTAGGATTCGCCAGAC",20,0.8,0,0,0.1,0,TRUE
"GTTACTTAGTGCACAG",51,0,0,0.0588235294117647,0.0196078431372549,0,FALSE
"CTAGGGCCATCACAAC",6,0,0,0,0,0,FALSE
"CTAGGGCGTAACCGAG",8,0,0,0,0,0,FALSE
"TTGAGCATCGATGTGT",39,0.692307692307692,0,0.0512820512820513,0.153846153846154,0,TRUE
"TATGTTCGTTCTACCC",102,0.509803921568627,0.00980392156862745,0.0294117647058824,0.166666666666667,0,TRUE
"CTCACCAGTGAATACA",9,0,0,0,0,0,FALSE
"CTCAACCAGGACCGAT",84,0.0119047619047619,0,0.0119047619047619,0.178571428571429,0,TRUE
"TAGGTGTGTAGCGTTT",47,0.446808510638298,0.0425531914893617,0.0638297872340425,0.0851063829787234,0,TRUE
"CTCAGAAAGATACCAA",7,0,0,0,0.142857142857143,0,FALSE
"CTCAGCTAGGTAAGTT",6,0.5,0,0,0.166666666666667,0,TRUE
"CTCAGCTAGTCCGATT",45,0,0,0,0.111111111111111,0,FALSE
"CTCAGCTCAAGTTCGT",9,0,0,0,0,0,FALSE
"CTCAGCTCAGTAACCT",6,0.166666666666667,0,0,0,0,TRUE
"CTCAGCTCATGGCCCA",10,0,0,0,0,0,FALSE
"CTCATGCGTTCTCGAA",6,0,0,0.166666666666667,0.166666666666667,0,FALSE
"GGTACCGTCCAGCACG",29,0,0,0,0.0689655172413793,0,FALSE
"CTCCCAAGTAGCCATT",7,0,0,0,0,0,FALSE
"CTCGCTAGTGCAGACA",10,0.1,0.1,0.1,0,0,TRUE
"CTCGCTAGTTAAGTCC",16,0,0.0625,0.1875,0.0625,0,FALSE
"CTCTACGGTACGGAGT",6,0,0,0.166666666666667,0,0,FALSE
"GGTTGCGGTAAGCCGA",9,0,0,0,0,0,FALSE
"CTCTAGCCAAGAGCGT",6,0,0,0.333333333333333,0,0,FALSE
"CTCTAGCGTCACTCTC",19,0,0,0,0,0,FALSE
"CTCTAGCTCGGGAATG",10,0,0,0.1,0.4,0,FALSE
"CTCTCAGCACCGAATT",8,0,0,0,0,0,FALSE
"CTCTCAGGTTATGCAC",55,0.654545454545455,0,0.0545454545454545,0.127272727272727,0,TRUE
"TCGATTTAGGAGTCTG",49,0.591836734693878,0.0204081632653061,0.0612244897959184,0.183673469387755,0,TRUE
"CTCTCAGTCCTAGAGT",7,0,0,0.142857142857143,0,0,FALSE
"CTCTCGAAGCCGCAAA",6,0,0,0,0,0,FALSE
"CTCTCGAAGTACAGAT",6,0,0,0.166666666666667,0,0,FALSE
"CTCTCGACAAAGAGAG",8,0,0,0.125,0.25,0,FALSE
"CTCTCGACAAGCCTTA",6,0,0.166666666666667,0.166666666666667,0,0,FALSE
"CTCTCGACACAGAAGC",9,0.222222222222222,0,0,0,0,TRUE
"CTGAATGAGCCCATGC",6,0.166666666666667,0,0.166666666666667,0.5,0,TRUE
"CTGAATGAGCTAGTTC",8,0,0,0,0,0,FALSE
"CTGAATGTCCTGTGGG",16,0,0,0.0625,0,0,FALSE
"CTGCGTTGTTGCTTGA",7,0,0,0,0,0,FALSE
"CTGCTCAAGGTACACG",6,0,0.5,0.333333333333333,0,0,FALSE
"CTGGGACAGGATTGAT",14,0.428571428571429,0,0,0.214285714285714,0,TRUE
"CTGGGACTCTTCATAC",6,0,0,0,0,0,FALSE
"CTGTATTAGACCTATC",23,0.608695652173913,0,0,0.0869565217391304,0,TRUE
"TAATCGGAGACGTCAG",30,0.4,0,0,0.2,0,TRUE
"CTGTATTAGCGTTAGG",7,0,0,0.285714285714286,0,0,FALSE
"CTGTATTTCCTTTGCG",10,0,0,0,0.1,0,FALSE
"GTGTGATTCGATGTAC",165,0.139393939393939,0.0121212121212121,0.0242424242424242,0.0484848484848485,0,TRUE
"CTTAATCCAATGCCAT",13,0,0,0,0.0769230769230769,0,FALSE
"CTTAATCGTAGAACGC",8,0.125,0,0.125,0,0,TRUE
"GCGGGTTTCGCTTGAA",24,0.75,0,0.0416666666666667,0.0833333333333333,0,TRUE
"CTTAATCGTGTAGGAC",15,0.8,0,0,0.0666666666666667,0,TRUE
"CTTAATCTCAGTCAAC",8,0,0,0,0,0,FALSE
"CTTCCAGAGAGCGGTT",9,0,0,0,0,0,FALSE
"CTTCCAGTCAGTGTGT",6,0,0,0,0,0,FALSE
"CTTCTAAAGCGTGTTT",54,0.518518518518518,0.0185185185185185,0.0555555555555556,0.0555555555555556,0,TRUE
"TCAAAGCTCGATTACG",67,0.492537313432836,0,0.0149253731343284,0.104477611940299,0,TRUE
"CTTCTAACAATTCGTG",8,0,0,0.125,0,0,FALSE
"CTTCTAAGTGTCGTCG",6,0,0,0,0,0,FALSE
"TTCAACTAGCCATTCA",59,0.508474576271186,0.0169491525423729,0.0508474576271186,0.152542372881356,0,TRUE
"CTTGAAGAGGAACCGT",6,0,0,0,0,0,FALSE
"CTTGAAGCATAGCCGC",6,0,0,0,0.166666666666667,0,FALSE
"CTTGAAGTCAGGAATA",8,0,0,0,0,0,FALSE
"CTTGCCAAGTCTCTAG",7,0,0,0,0,0,FALSE
"CTTGCCATCGCACCTT",10,0,0,0,0.1,0,FALSE
"CTTGCTGTCTTGTACT",10,0.3,0,0,0.1,0,TRUE
"CTTGTCGGTTATAGAG",7,0,0,0,0.428571428571429,0,FALSE
"CTTTGCGAGATTGACA",63,0.587301587301587,0.0317460317460317,0.0476190476190476,0.0634920634920635,0,TRUE
"CTTTGCGCACCGAAAG",26,0,0,0.230769230769231,0.115384615384615,0,FALSE
"GAAACAATCCATGTTT",131,0.519083969465649,0.0152671755725191,0.0305343511450382,0.129770992366412,0,TRUE
"GATCGTAAGTACGCGA",25,0.68,0.04,0,0.12,0,TRUE
"GAAAGTATCTATCTAC",16,0.5625,0,0,0.1875,0,TRUE
"GAAATGATCTCCTTAA",30,0.733333333333333,0.0333333333333333,0.0333333333333333,0.0666666666666667,0,TRUE
"GAAATGATCTTCAGAG",24,0.541666666666667,0,0,0.125,0,TRUE
"GAACCGCAGGGAAGCG",9,0,0,0,0,0,FALSE
"GAACCGCAGTACTCTG",27,0,0,0.0740740740740741,0.222222222222222,0,FALSE
"GAACCGCCATAGATAG",7,0,0,0,0,0,FALSE
"GAGCATTTCTATCTCA",34,0.735294117647059,0,0.0294117647058824,0.352941176470588,0,TRUE
"GAACCTACATGCGACC",12,0,0,0.0833333333333333,0.333333333333333,0,FALSE
"GAACTTGGTGATAACA",14,0.571428571428571,0,0.0714285714285714,0.214285714285714,0,TRUE
"GAACGTTTCGTGGTAT",21,0,0,0,0.19047619047619,0,FALSE
"GAACTTGTCGCTCGGA",11,0,0,0,0,0,FALSE
"GAACTTGTCTAGTCGA",29,0.0344827586206897,0,0,0,0,TRUE
"GAAGAGCCAGGGCTTC",29,0,0.0344827586206897,0.103448275862069,0.172413793103448,0,FALSE
"GAAGTCTGTGTCCCAG",15,0.666666666666667,0,0,0.133333333333333,0,TRUE
"GAAGTCTCAGCAACGA",8,0,0,0,0,0,FALSE
"GAAGTCTTCAGTCTTT",6,0.5,0,0,0.5,0,TRUE
"GCGTTGGGTTAACCGT",146,0.308219178082192,0.0136986301369863,0.0205479452054795,0.10958904109589,0,TRUE
"GGAGAACGTTACTACG",40,0,0,0,0.025,0,FALSE
"GAATCTGGTTCCGGCA",11,0,0,0,0,0,FALSE
"GTCACGGTCCTGGAAT",6,0,0,0,0,0,FALSE
"GACCAATAGGGTTCCC",6,0,0,0.166666666666667,0.166666666666667,0,FALSE
"GACCAATCAGTAAGCG",7,0,0,0,0,0,FALSE
"GACCAATTCGAGGTAG",6,0,0,0.5,0.333333333333333,0,FALSE
"GACCCAGTCGCGTTCT",7,0,0,0.714285714285714,0.714285714285714,0,FALSE
"GACCCAGCAAGCGGTA",8,0,0,0,0,0,FALSE
"GACCGACAGGTCGTTT",13,0,0,0,0.230769230769231,0,FALSE
"GACCGACGTCTCGGGT",57,0.0175438596491228,0.0350877192982456,0.0526315789473684,0.0175438596491228,0,TRUE
"GACCTTCAGATGAGGA",8,0,0,0,0,0,FALSE
"GACCTTCTCCTCCATG",29,0,0,0.0344827586206897,0.103448275862069,0,FALSE
"GACTAGTAGGGCTTCC",14,0.571428571428571,0,0.142857142857143,0,0,TRUE
"GACTAGTAGAGGTGGG",13,0.461538461538462,0,0,0.0769230769230769,0,TRUE
"GACTAGTCATCTCACC",8,0,0,0,0,0,FALSE
"GAGAACGTCTCTGAGA",69,0.681159420289855,0.0289855072463768,0.0579710144927536,0.217391304347826,0,TRUE
"GAGAACGGTAATGCAA",6,0,0,0,0,0,FALSE
"GAGATTCAGTGCACAG",6,0,0,0,0,0,FALSE
"TGAGCCGAGTACCCAT",143,0.013986013986014,0,0.048951048951049,0.104895104895105,0,TRUE
"GAGCGCTAGAGTTTGA",7,0,0,0,0.142857142857143,0,FALSE
"GAGCGCTCACGATTAC",9,0,0,0,0.333333333333333,0,FALSE
"GAGCGCTTCAACGTGT",6,0,0,0.166666666666667,0.166666666666667,0,FALSE
"GATGATCGTAACAATG",92,0.608695652173913,0,0.0543478260869565,0.130434782608696,0,TRUE
"GAGGATGCACGCCGAT",136,0.588235294117647,0.0220588235294118,0.0367647058823529,0.139705882352941,0,TRUE
"GAGGCTCAGCACGTAG",17,0,0,0,0,0,FALSE
"GCATTCCAGGAGTCTG",6,0.166666666666667,0,0,0.5,0,TRUE
"GAGGCTCTCGATGCAT",18,0,0,0.166666666666667,0.0555555555555556,0,FALSE
"GAGGTCCAGAATACTG",7,0,0,0.142857142857143,0.285714285714286,0,FALSE
"GAGGTCCAGATTAGAC",7,0.142857142857143,0,0,0.285714285714286,0,TRUE
"GAGGTCCAGCCTGTAT",11,0,0,0,0,0,FALSE
"GAGGTCCGTACCTATG",17,0,0,0,0.0588235294117647,0,FALSE
"GAGGTCCGTTGGAGGT",11,0,0,0,0,0,FALSE
"GAGGTCCTCTTAACGG",7,0,0,0,0,0,FALSE
"GATCGTAAGACACGGT",14,0.0714285714285714,0.142857142857143,0.142857142857143,0,0,TRUE
"GATCGTACATGACTGT",11,0,0.0909090909090909,0.272727272727273,0.0909090909090909,0,FALSE
"GATGATCTCATCGCAA",8,0,0,0,0,0,FALSE
"GATGGCCCATCGAGTT",36,0,0,0,0.138888888888889,0,FALSE
"GATGGCCTCACATCCC",7,0,0,0,0,0,FALSE
"GATTGACCAATGTGCT",6,0,0,0,0,0,FALSE
"GATTGACTCCGATTGA",10,0,0,0,0,0,FALSE
"GATTGACTCTATCTCA",6,0,0,0,0,0,FALSE
"TCGATTTGTAACAATG",76,0.552631578947368,0,0.0394736842105263,0.144736842105263,0,TRUE
"GCAAAGGCAGGATGTG",6,0,0,0,0.166666666666667,0,FALSE
"GCGCCAAGTCTGGATT",101,0.0099009900990099,0,0,0,0,TRUE
"GCAACCGCACTCCCAT",23,0,0.0434782608695652,0.0434782608695652,0.0869565217391304,0,FALSE
"GCAACCGTCGCAAGCC",6,0,0,0,0,0,FALSE
"TCACAAGCAGGTGGTA",44,0.636363636363636,0.0454545454545455,0.0227272727272727,0.0909090909090909,0,TRUE
"GCACCTTGTAGCGGTA",37,0.567567567567568,0.0540540540540541,0.027027027027027,0.162162162162162,0,TRUE
"GCACCTTAGCATTCCA",24,0.0833333333333333,0,0.125,0.416666666666667,0,TRUE
"GCACCTTGTGTGTGTT",10,0,0,0,0.1,0,FALSE
"GCACGCACATCAGAAA",8,0,0,0,0,0,FALSE
"GCACGCATCGGGAAAC",6,0,0,0,0,0,FALSE
"GCAGATTAGGTAGGCT",6,0,0,0,0,0,FALSE
"GCAGATTCACTTTGGA",7,0,0,0,0,0,FALSE
"TCAGGGCGTTACGCTA",363,0.0909090909090909,0.0110192837465565,0.0275482093663912,0.0633608815426997,0,TRUE
"GCAGATTTCCAGCACG",7,0.142857142857143,0,0,0.142857142857143,0,TRUE
"GCAGATTTCGCTTCAC",6,0,0,0,0,0,FALSE
"GCAGATTTCTATCTAC",22,0,0,0.0909090909090909,0,0,FALSE
"GCAGCGGGGGGATTCT",10,0.1,0,0,0.2,0,TRUE
"GCAGCGGGTGGATTCT",129,0.062015503875969,0.00775193798449612,0.0232558139534884,0.0697674418604651,0,TRUE
"GCAGCTGGGGGATTCT",54,0.037037037037037,0.0185185185185185,0.0740740740740741,0.0555555555555556,0,TRUE
"GCAGCTGGTGGAGTCT",21,0.0476190476190476,0,0.0476190476190476,0.0952380952380952,0,TRUE
"GCAGCTGGTGGATGCT",6,0,0,0,0,0,FALSE
"GCAGCTGGTGGATTAT",15,0,0,0,0.133333333333333,0,FALSE
"GCAGCTGGTGGATTCC",25,0.12,0,0,0.04,0,TRUE
"GCAGCTGGTGGCTTCT",6,0,0,0,0.166666666666667,0,FALSE
"GCAGCTGGTGGTTTCT",20,0,0,0,0.3,0,FALSE
"GCATGATTCCAGTTAG",6,0,0.333333333333333,0.5,0.333333333333333,0,FALSE
"GCATTCCAGAGCGGTT",57,0.456140350877193,0.0350877192982456,0.0526315789473684,0.0701754385964912,0,TRUE
"GCATGATCATCGTACA",16,0,0,0,0,0,FALSE
"GCATGATTCACTCGGG",9,0,0,0,0,0,FALSE
"GCATGATTCGTGTGCG",17,0,0,0,0.117647058823529,0,FALSE
"TGTACAGTCGAGTGTT",6,0,0,0,0,0,FALSE
"GCATTCCTCTTACTCA",28,0,0,0.0714285714285714,0.0714285714285714,0,FALSE
"GCATTGATCAGGCGCT",7,0,0.142857142857143,0.142857142857143,0,0,FALSE
"GCCAGACAGTAACTCC",8,0,0,0,0,0,FALSE
"GCCAGCACAAGACTTC",7,0,0,0,0.142857142857143,0,FALSE
"GCCAGCAGTTAACCAC",6,0,0,0,0.5,0,FALSE
"GCCAGCATCCGCTCTA",35,0,0,0,0,0,FALSE
"GCCCAGAAGTTCAACC",48,0.5625,0,0.0833333333333333,0.166666666666667,0,TRUE
"GCCCAGACATTGCACA",35,0.0285714285714286,0,0.0285714285714286,0.0571428571428571,0,TRUE
"GCCCGAAGTGATCAGG",43,0.627906976744186,0.0465116279069767,0.0465116279069767,0.0697674418604651,0,TRUE
"GCCGCTGGTGGATTCT",10,0,0,0.1,0.2,0,FALSE
"GCCTAGGGTTAGGCTT",20,0.5,0,0,0.15,0,TRUE
"GCGAGAAGTTACCACA",99,0.454545454545455,0.0101010101010101,0.0404040404040404,0.0707070707070707,0,TRUE
"GCGAGAAGTACTTCAG",52,0.711538461538462,0.0384615384615385,0.0192307692307692,0.0769230769230769,0,TRUE
"GCGAGAAGTGGCATAG",13,0.615384615384615,0,0,0,0,TRUE
"GCGAGAAGTTCTTTCA",9,0,0,0,0.333333333333333,0,FALSE
"GCGAGAATCACAACAC",6,0,0,0,0,0,FALSE
"GCGAGAATCCATCATT",42,0.547619047619048,0.0476190476190476,0.0714285714285714,0.0476190476190476,0,TRUE
"GCGAGAATCTTCCGTG",7,0,0,0,0,0,FALSE
"GCGAGTCAGGTTCGTT",22,0,0,0,0.0909090909090909,0,FALSE
"GCGAGTCAGTGTCGGA",6,0,0,0,0.333333333333333,0,FALSE
"GCGAGTCCATTAACGC",20,0.75,0,0.05,0.1,0,TRUE
"TGCATTTGTGGCCTCA",113,0.530973451327434,0.0176991150442478,0.0707964601769911,0.079646017699115,0,TRUE
"GCGAGTCGTAAACGTA",11,0.545454545454545,0,0,0.181818181818182,0,TRUE
"TGCTCACCAACTAGAA",30,0.7,0,0,0.2,0,TRUE
"TGAATCGAGAGCCTGA",95,0.673684210526316,0,0.0210526315789474,0.0842105263157895,0,TRUE
"GCGAGTCGTGCGTAGA",88,0.534090909090909,0.0340909090909091,0.0340909090909091,0.113636363636364,0,TRUE
"GCGATCGTCAATCGTG",14,0,0,0,0,0,FALSE
"GCGATTACACTTATGG",10,0,0,0,0.1,0,FALSE
"GCGATTAGTGAATCGG",22,0.727272727272727,0,0,0.227272727272727,0,TRUE
"GCGATTATCCCAGCAG",6,0,0.333333333333333,0.333333333333333,0.333333333333333,0,FALSE
"GCGCATGCAATGGTCT",40,0,0,0.15,0,0,FALSE
"GCGCATGTCCCATAGA",6,0.166666666666667,0,0,0,0,TRUE
"GCGCATGTCCTCTCTT",10,0,0.1,0.1,0,0,FALSE
"GCGCCAAAGGTTTCTG",98,0.602040816326531,0.0204081632653061,0.0306122448979592,0.0816326530612245,0,TRUE
"GCGCCAAGTTATAGAG",7,0,0,0.142857142857143,0,0,FALSE
"GCGCCAATCATTCTCA",25,0,0,0,0.04,0,FALSE
"GCGCTGGTGGATTCTT",8,0,0,0,0,0,FALSE
"GCGGAGCTCAACACGT",23,0.565217391304348,0,0,0.0434782608695652,0,TRUE
"GGGACCTCAACTCCCT",32,0.625,0,0,0.09375,0,TRUE
"GCGTAGCTCCTATCCG",19,0.631578947368421,0.105263157894737,0,0.263157894736842,0,TRUE
"GCGGTGTGTTCCTATT",25,0,0.08,0.24,0.16,0,FALSE
"GCGGTGTCAGTATCTG",22,0,0,0.181818181818182,0.0454545454545455,0,FALSE
"GCGGGTTAGCAGGACT",9,0,0,0,0.111111111111111,0,FALSE
"GCGGGTTAGGGAAATG",6,0,0,0,0,0,FALSE
"GCGGGTTTCGAGAAGC",6,0,0,0,0.5,0,FALSE
"GCGGTGGGTATTCACG",6,0.666666666666667,0,0,0,0,TRUE
"GCGGTGGGTTAACCGT",12,0.333333333333333,0,0,0,0,TRUE
"GCGGTGTAGGCATGCA",17,0,0,0.0588235294117647,0,0,FALSE
"GCGGTGTCACACACAT",7,0,0,0,0,0,FALSE
"GCGGTGTTCCCTATTA",9,0,0,0,0.111111111111111,0,FALSE
"GCGTAGCTCCGCTATC",10,0,0,0.1,0,0,FALSE
"GCGTTGGGTAATGCAA",17,0,0.0588235294117647,0,0.0588235294117647,0,FALSE
"TGACAACTCTTACCTA",91,0.362637362637363,0.010989010989011,0.043956043956044,0.10989010989011,0,TRUE
"GTGTCCTAGCATTCCA",15,0.6,0,0,0,0,TRUE
"GCGTTGGGTTAAGGGC",9,0.555555555555556,0.111111111111111,0,0.222222222222222,0,TRUE
"GCGTTGGTCTTGTCAT",20,0,0,0.05,0,0,FALSE
"GCTCACTAGACGTCAG",9,0.555555555555556,0.111111111111111,0,0.111111111111111,0,TRUE
"GCTCACTGTAACGTAA",25,0.68,0.04,0,0.16,0,TRUE
"GCTCACTGTAGGGTTG",10,0,0,0.1,0,0,FALSE
"TGGCAATCACAAGTGG",49,0.571428571428571,0,0.0204081632653061,0.122448979591837,0,TRUE
"GCTCCTACAAGGTTCT",6,0,0,0.166666666666667,0.166666666666667,0,FALSE
"GCTCCTATCTCTGACC",21,0.714285714285714,0,0,0,0,TRUE
"GCTCGAGAGTAATCAG",9,0,0,0,0.222222222222222,0,FALSE
"GCTCGAGCAAATTGAG",9,0,0,0,0.111111111111111,0,FALSE
"GCTCGAGCACAAGGGT",9,0,0,0,0.222222222222222,0,FALSE
"GCTGCGAAGCTGAGGT",17,0,0,0,0,0,FALSE
"GCTGCGACAGAGCCAA",27,0.444444444444444,0,0.0740740740740741,0,0,TRUE
"GCTGTTCAGCTTACCA",10,0,0,0.1,0.1,0,FALSE
"GCTGTTCTCGGGAATG",8,0,0,0.125,0.25,0,FALSE
"GCTGTTCTCGCCTTAC",6,0,0,0,0,0,FALSE
"GCTGTTCTCTCTGAGA",19,0,0,0,0,0,FALSE
"TGTAGCATCTTTGCAT",12,0.75,0,0.0833333333333333,0.0833333333333333,0,TRUE
"GCTTAAGTCTCGGCGA",6,0,0,0,0,0,FALSE
"TGCTTCGAGAGAACCC",298,0.11744966442953,0,0.0100671140939597,0.00671140939597315,0,TRUE
"GCTTGCTAGAGTCCGA",7,0,0,0.142857142857143,0.142857142857143,0,FALSE
"GCTTGCTAGGATCCTT",6,0,0,0,0,0,FALSE
"GCTTGCTGTGAGTTGG",9,0,0,0.111111111111111,0,0,FALSE
"GCTTGCTTCTTAACGG",36,0.527777777777778,0.0555555555555556,0.0555555555555556,0.111111111111111,0,TRUE
"GGTGCTGAGAGGAAGT",96,0.583333333333333,0.0104166666666667,0.0208333333333333,0.0833333333333333,0,TRUE
"GCTTTCGCAAGCGTCC",74,0.513513513513513,0,0.0135135135135135,0.162162162162162,0,TRUE
"GCTTTCGGTTTAGACC",6,0,0,0,0,0,FALSE
"GGAACCCCACGGTTAT",8,0,0,0,0,0,FALSE
"GGAACCCTCACACGTA",10,0,0,0,0.2,0,FALSE
"GGAACCCTCCTCCATG",7,0.142857142857143,0,0,0,0,TRUE
"GGAACCCTCCTGGAAT",6,0,0,0,0,0,FALSE
"GGAACTTAGACGTCAG",8,0.25,0,0.125,0.125,0,TRUE
"GGAACTTTCCGAATTG",6,0,0,0,0,0,FALSE
"GGAACTTTCTTAAGCG",22,0,0,0,0,0,FALSE
"GGAATCTGTCACCGCA",20,0.15,0,0,0.1,0,TRUE
"GGAATCTTCCAACAAC",36,0,0,0.0555555555555556,0.0555555555555556,0,FALSE
"GGACACCAGGCGTCCT",6,0,0,0,0.166666666666667,0,FALSE
"GGAGAACCACATGATC",51,0.588235294117647,0,0.117647058823529,0.0784313725490196,0,TRUE
"GGTAGGAGTACCCATA",150,0.46,0.02,0.0466666666666667,0.106666666666667,0,TRUE
"GGAGAACGTGTACGCC",25,0.52,0.08,0.08,0.12,0,TRUE
"GGAGAACGTTAACCAC",18,0,0,0,0,0,FALSE
"GGAGGATCAAAGAAGG",10,0.5,0,0,0,0,TRUE
"GGAGGATTCAGTGTAC",42,0.0238095238095238,0.0238095238095238,0.0238095238095238,0.119047619047619,0,TRUE
"GGAGGATTCTTAACGG",19,0,0,0.0526315789473684,0.157894736842105,0,FALSE
"GGAGTAGAGTGTGTAA",7,0,0,0,0,0,FALSE
"GGAGTAGGTAACTCCA",17,0,0,0,0,0,FALSE
"GGAGTAGTCTTCACTA",6,0,0,0,0,0,FALSE
"GGATAGGAGAGGCCTA",8,0.75,0,0,0.125,0,TRUE
"GGATAGGCACTGTAAC",26,0.576923076923077,0,0,0.153846153846154,0,TRUE
"GGATAGGGTAACACTC",7,0,0,0.142857142857143,0,0,FALSE
"GGATGAGCAAGTTCGT",6,0.333333333333333,0,0,0,0,TRUE
"GGATGAGCAGATAAGT",6,0,0,0,0,0,FALSE
"GGATGAGCATCAACTG",35,0.657142857142857,0,0.0571428571428571,0.114285714285714,0,TRUE
"GGATGAGGTCCGTGCA",29,0.310344827586207,0,0,0.0344827586206897,0,TRUE
"GGATGAGGTGACAAGC",12,0,0,0.0833333333333333,0.25,0,FALSE
"GGATGAGTCGTCCCTA",7,0,0,0.142857142857143,0,0,FALSE
"GGCACGGAGGGAAATG",11,0.454545454545455,0,0,0.0909090909090909,0,TRUE
"GGCACGTAGAGAACCC",6,0,0,0,0,0,FALSE
"GGCACGTAGCCATTCA",7,0,0,0,0,0,FALSE
"GGCACGTTCGTCCCTA",7,0,0,0,0,0,FALSE
"TGCATGAGTTTAGGAA",99,0.696969696969697,0.0202020202020202,0.0101010101010101,0.131313131313131,0,TRUE
"GGCATTAAGACAACGC",42,0.714285714285714,0.0714285714285714,0.0476190476190476,0.166666666666667,0,TRUE
"TTCTGTAAGTTCAAGA",7,0,0,0,0,0,FALSE
"GGCGTTGGTTACGAAA",24,0.375,0,0.0833333333333333,0.0833333333333333,0,TRUE
"GGCGTTGTCAGTGTGT",61,0.60655737704918,0.0163934426229508,0,0.147540983606557,0,TRUE
"GGCGTTGGTATGCTAC",6,0,0,0,0,0,FALSE
"GGGACCTCACTAGGAG",7,0,0,0,0,0,FALSE
"GGGACCTCATAGACGG",7,0,0,0.285714285714286,0,0,FALSE
"GGGACCTTCCTCATTA",6,0,0,0,0,0,FALSE
"GGGCCATAGTGCTGAG",6,0,0,0,0,0,FALSE
"GGGCCATTCCTAAAGC",53,0,0,0.113207547169811,0.188679245283019,0,FALSE
"GGGCCATTCGAGGCTC",34,0.588235294117647,0,0,0.0882352941176471,0,TRUE
"GTGTCAAGTCCTCAGG",25,0.68,0,0.04,0.08,0,TRUE
"GGGTCTGAGCCTATAC",25,0,0,0.04,0.12,0,FALSE
"GGGTCTGTCGCTCGGA",9,0.222222222222222,0.111111111111111,0,0,0,TRUE
"GGTTGCGCACGCGCAT",61,0.688524590163934,0.0327868852459016,0.0163934426229508,0.0983606557377049,0,TRUE
"GGGTGTCCAACGTACT",16,0,0,0.125,0,0,FALSE
"GGGTTATAGCGATACG",26,0.153846153846154,0,0,0.346153846153846,0,TRUE
"GGGTTATAGGAAGGTA",24,0,0.0416666666666667,0.0416666666666667,0.125,0,FALSE
"GGGTTATCAGGCATCC",31,0,0,0,0,0,FALSE
"GGTACCGAGAACCCGA",11,0.818181818181818,0,0,0.454545454545455,0,TRUE
"GGTACCGTCAATCGTG",6,0,0,0,0,0,FALSE
"GGTACCGTCTCTATTG",7,0,0,0,0.285714285714286,0,FALSE
"GGTAGGAAGGTTACAA",7,0,0,0,0.142857142857143,0,FALSE
"GGTAGGAAGTTCTCCC",12,0,0.166666666666667,0.166666666666667,0.0833333333333333,0,FALSE
"GGTAGGAGTATTCACG",8,0,0,0,0,0,FALSE
"GGTCATAGTTCTGAAC",6,0.166666666666667,0,0,0,0,TRUE
"GTAATCGGTCAGAAGC",47,0.574468085106383,0,0.0425531914893617,0.212765957446809,0,TRUE
"TCACCACAGCTACGCC",10,0.1,0,0,0,0,TRUE
"GGTGAAGAGGTGTTGG",22,0,0,0.0909090909090909,0.136363636363636,0,FALSE
"GGTGAAGAGTCGATAA",15,0,0,0,0,0,FALSE
"GTTGGTAAGCTACGTT",78,0.538461538461538,0.0641025641025641,0.0512820512820513,0.0641025641025641,0,TRUE
"GGTGGGCCAATGGCAG",19,0.631578947368421,0.0526315789473684,0,0,0,TRUE
"GGTGTCGCACATCATG",9,0,0,0,0.333333333333333,0,FALSE
"GGTGTCGGTAGCAGGT",10,0,0,0,0.3,0,FALSE
"GGTTGCGTCTGGCGCA",6,0,0,0,0,0,FALSE
"GTAATCGGTCAGTGCC",77,0.545454545454545,0.012987012987013,0.025974025974026,0.116883116883117,0,TRUE
"GTAATCGAGTAGGAAG",7,0,0,0,0,0,FALSE
"GTAATCGGTGGTCGAA",7,0,0,0,0,0,FALSE
"GTAATCGTCGTGCTGG",11,0,0,0.454545454545455,0,0,FALSE
"GTACTTTAGGTAAGCC",13,0,0,0,0.153846153846154,0,FALSE
"GTAGACTCACAGAAGC",8,0.125,0,0.25,0.125,0,TRUE
"GTAGGAGCAATTCTCT",8,0,0,0,0.125,0,FALSE
"TGAGCCGGTGTCTACA",10,0,0,0.1,0.4,0,FALSE
"GTAGTACCACTAAACC",13,0,0,0,0,0,FALSE
"GTAGTACGTCGTAATC",34,0.0294117647058824,0,0.0882352941176471,0.235294117647059,0,TRUE
"GTAGTACTCTCAGATG",12,0,0,0.0833333333333333,0,0,FALSE
"GTCACAAAGTTGAATG",6,0,0,0,0.166666666666667,0,FALSE
"GTCACAACAAGATTAG",23,0.0434782608695652,0,0.0434782608695652,0.130434782608696,0,TRUE
"GTCACGGAGTAACATG",31,0,0.032258064516129,0.0645161290322581,0.225806451612903,0,FALSE
"GTCACGGCAAACGACG",8,0.75,0,0,0.125,0,TRUE
"GTCACGGCATGCTATG",7,0,0,0.142857142857143,0.142857142857143,0,FALSE
"GTCACGGGTCCAACCG",6,0,0,0,0.166666666666667,0,FALSE
"GTCCATCCATGGTAAA",52,0.576923076923077,0,0.0192307692307692,0.230769230769231,0,TRUE
"TACTCGCCACGTTAGT",11,0,0.0909090909090909,0.0909090909090909,0.363636363636364,0,FALSE
"GTCCATCGTTTGACCA",8,0,0,0,0,0,FALSE
"GTCGTAATCACCCGGA",7,0,0,0,0.142857142857143,0,FALSE
"GTCTACCTCATGTTCT",8,0.125,0,0.375,0.5,0,TRUE
"GTGACATGTATTCTCT",9,0,0,0,0,0,FALSE
"GTGACATGTCCTTCAC",8,0,0,0,0,0,FALSE
"GTGATCAGTATCCTTT",10,0,0,0,0.2,0,FALSE
"GTGCACGCACTAGCCG",7,0,0,0.142857142857143,0.142857142857143,0,FALSE
"GTGCCAGCAAGACTAA",10,0,0,0,0.3,0,FALSE
"GTGCCAGTCCAACCTC",40,0.05,0,0.05,0,0,TRUE
"GTGCGAAGTACAAGCG",6,0.666666666666667,0,0,0.166666666666667,0,TRUE
"GTGCTGGAGCAACTGG",21,0,0,0.0952380952380952,0,0,FALSE
"GTTACTTAGGTACACG",6,0.166666666666667,0,0,0,0,TRUE
"GTGCTGGCATTTAGGC",9,0,0,0,0.333333333333333,0,FALSE
"GTGCTGGGTTCTGAGT",12,0,0,0,0,0,FALSE
"GTGCTGGTCAGGCCGT",6,0,0,0,0,0,FALSE
"GTGGATTCAAGTCTGT",10,0,0,0,0,0,FALSE
"GTGGATTTCTGGACAT",7,0,0,0.285714285714286,0.142857142857143,0,FALSE
"GTGGCGTGTTCTGAGT",8,0,0,0,0,0,FALSE
"GTGGCGTTCAAGTTGC",37,0.675675675675676,0,0,0.0540540540540541,0,TRUE
"GTGTCAACAGCGTACC",9,0,0,0,0,0,FALSE
"GTGTCAACATCATGTG",8,0,0,0,0.125,0,FALSE
"TGCTTCGAGTGGGACT",10,0.5,0,0,0.1,0,TRUE
"GTGTCCTAGGTCGGTA",6,0,0,0.166666666666667,0.333333333333333,0,FALSE
"GTGTCCTCAATGGTCT",6,0,0,0,0,0,FALSE
"GTGTCCTCATGCGACC",7,0,0,0,0,0,FALSE
"GTGTCCTGTGCACTTA",6,0,0.166666666666667,0.333333333333333,0,0,FALSE
"GTGTGATCACAATAAG",68,0,0,0.0588235294117647,0,0,FALSE
"TTGTTGTAGTCGTACT",7,0,0,0,0,0,FALSE
"GTTACGAGTAGAACGC",8,0,0,0,0,0,FALSE
"GTTACGATCCTGGAAT",11,0,0,0.272727272727273,0.0909090909090909,0,FALSE
"GTTACGATCGTCCCTA",34,0,0,0.0294117647058824,0.176470588235294,0,FALSE
"TGGACATGTAGTACAA",80,0.55,0.0125,0.05,0.1,0,TRUE
"GTTATGGAGTTCAACC",9,0,0,0,0,0,FALSE
"GTTATGGTCTCAGATG",8,0,0,0.125,0,0,FALSE
"TCCAGAACAAGTAATG",11,0,0,0,0,0,FALSE
"GTTCAAGTCCGTCAAA",12,0,0,0,0.166666666666667,0,FALSE
"GTTGGGCAGCCTTTGA",26,0.5,0,0.0384615384615385,0.0769230769230769,0,TRUE
"GTTGGGCCACTAGGAG",28,0,0.0357142857142857,0,0.285714285714286,0,FALSE
"GTTGGGCGTATCACAC",9,0,0,0,0.111111111111111,0,FALSE
"TTGAGCACAACAAACA",56,0.678571428571429,0,0.0892857142857143,0.142857142857143,0,TRUE
"GTTGGTACATCCCGGA",8,0,0,0,0,0,FALSE
"TTTGGTTGTTTGATCG",20,0.5,0.05,0,0.35,0,TRUE
"TAAACCGCACACACCG",8,0,0.25,0.125,0.125,0,FALSE
"TAAACCGCACTCCTCA",126,0.00793650793650794,0.00793650793650794,0.0317460317460317,0.119047619047619,0,TRUE
"TAACAGCAGTAGCAAT",9,0,0,0,0,0,FALSE
"TAACGGTTCCGAATTG",9,0,0,0,0,0,FALSE
"TAACTTCAGGAGTACC",21,0,0,0.0952380952380952,0,0,FALSE
"TAACTTCCAATTCAGC",6,0,0,0,0.166666666666667,0,FALSE
"TAAGCCACAGTAGGCA",17,0,0,0.0588235294117647,0.0588235294117647,0,FALSE
"TAAGCCATCCATCATT",10,0,0,0,0.1,0,FALSE
"TAAGTGCAGAAGACTT",6,0,0,0,0,0,FALSE
"TAAGTGCCAGCGTCGT",8,0,0,0,0,0,FALSE
"TAAGTGCGTCTCGGGT",7,0,0,0.142857142857143,0.285714285714286,0,FALSE
"TACTAGGGTTCATTTC",42,0.642857142857143,0,0,0.119047619047619,0,TRUE
"TAATCGGCACGGTGTC",9,0.888888888888889,0,0,0.222222222222222,0,TRUE
"TAATTCCAGAACCATA",14,0.571428571428571,0.0714285714285714,0,0.214285714285714,0,TRUE
"TAATTCCTCGCTCTAC",30,0.5,0,0,0.1,0,TRUE
"TAGCACAGTCTGGGCT",20,0.35,0,0.05,0.15,0,TRUE
"TACAGCAAGCAACTGG",15,0,0,0,0,0,FALSE
"TACAGCATCAACACGT",20,0,0,0,0,0,FALSE
"TACATGGGTACGGATG",6,0,0,0,0,0,FALSE
"TACATTCCATTTGTTC",9,0,0,0,0,0,FALSE
"TACCCTGAGGTACACG",7,0.142857142857143,0,0,0,0,TRUE
"TACCCTGGTCAGCTTA",10,0,0,0.1,0.2,0,FALSE
"TACCTATAGCAACGGT",12,0,0,0,0,0,FALSE
"TTGCTTACATTACACG",43,0.302325581395349,0.0232558139534884,0,0.186046511627907,0,TRUE
"TCCGACTAGACCCTAT",33,0.515151515151515,0.0303030303030303,0.0303030303030303,0.0909090909090909,0,TRUE
"TACGCAAAGTTCAACC",10,0.1,0,0,0,0,TRUE
"TACGCAACAGTGGTCC",6,0,0,0,0,0,FALSE
"TACGCAAGTGGTGGTA",89,0.426966292134831,0.0112359550561798,0.0449438202247191,0.179775280898876,0,TRUE
"TACGCAAGGGGTGGTA",6,0.5,0,0,0.5,0,TRUE
"TACGCAAGTCTAACCA",7,0,0,0,0.142857142857143,0,FALSE
"TACGCAAGTGAATGTA",8,0.875,0,0,0,0,TRUE
"TACGCAATCACCCGGA",8,0,0,0,0,0,FALSE
"TACGCAATCCCAATAG",8,0,0.125,0.375,0,0,FALSE
"TACTCGCAGTGCCCTG",7,0,0,0,0,0,FALSE
"TACTGCCAGTCGGGAT",37,0.405405405405405,0.027027027027027,0.0540540540540541,0.0540540540540541,0,TRUE
"TACTGCCGTCCGTAGC",10,0,0,0.2,0.1,0,FALSE
"TACTGCCTCCTGGGAC",9,0.111111111111111,0,0.111111111111111,0,0,TRUE
"TAGACTGAGAACTCCT",21,0.619047619047619,0.0476190476190476,0.0476190476190476,0.142857142857143,0,TRUE
"TAGCACAAGATGAGGA",13,0,0,0,0.307692307692308,0,FALSE
"TAGCACAAGATTGACA",20,0,0,0,0.05,0,FALSE
"TAGCATGCAAGACTTC",6,0.333333333333333,0,0,0.166666666666667,0,TRUE
"TAGCCCTTCTTTCGAT",7,0,0,0.142857142857143,0.285714285714286,0,FALSE
"TAGCCGGGTTTGTCTT",7,0,0,0,0,0,FALSE
"TAGCCGGTCCTGTAGA",6,0,0,0,0,0,FALSE
"TAGCGGCCAAGAGATT",46,0.0652173913043478,0,0.0652173913043478,0.326086956521739,0,TRUE
"TAGCGGCGTGGACCAA",24,0,0,0,0,0,FALSE
"TATCGAGGTGATTCCA",12,0.583333333333333,0.0833333333333333,0.0833333333333333,0.0833333333333333,0,TRUE
"TAGCTTTAGTTCCAGT",29,0.448275862068966,0,0.0344827586206897,0.0689655172413793,0,TRUE
"TAGCTTTTCGGCAATT",36,0,0,0,0,0,FALSE
"TAGGAGGCAACTCGTA",7,0.142857142857143,0,0.142857142857143,0,0,TRUE
"TAGGAGGGTGCCCAGT",10,0,0,0,0,0,FALSE
"TAGGTCAAGAGCTACG",23,0.782608695652174,0,0.0434782608695652,0.0434782608695652,0,TRUE
"TAGGTCACAGAACAGC",9,0,0,0,0.111111111111111,0,FALSE
"TAGGTCACAGACCTGC",6,0,0,0,0.166666666666667,0,FALSE
"TAGGTCAGTTGGGAAC",7,0,0,0,0,0,FALSE
"TAGGTCATCTACCCGT",54,0,0,0.037037037037037,0,0,FALSE
"TAGGTGTTCGGATGTT",13,0.0769230769230769,0,0,0.230769230769231,0,TRUE
"TAGTCCCAGTGCTCGC",9,0.777777777777778,0,0,0,0,TRUE
"TAGTCCCGTTTCCTAT",6,0,0,0,0,0,FALSE
"TATCTGTTCCTCCAGT",8,0,0,0,0.25,0,FALSE
"TATCTGTTCTTGTGCC",65,0,0,0.0461538461538462,0.0153846153846154,0,FALSE
"TATCGAGCAAGCGTCC",8,0,0,0,0,0,FALSE
"TATCGAGTCACCCTTG",8,0,0,0,0,0,FALSE
"TATCGAGTCTGTCGGG",21,0,0,0.0476190476190476,0,0,FALSE
"TATGTGGAGTTGAATG",9,0,0,0.111111111111111,0.333333333333333,0,FALSE
"TATGTGGGTACGCAAG",6,0,0,0,0,0,FALSE
"TATGTGGGTCAACGGA",6,0.166666666666667,0,0,0,0,TRUE
"TATTGCTGTCATCGTA",6,0,0,0,0,0,FALSE
"TCAAAGCCAACTGCGC",10,0,0,0,0,0,FALSE
"TCAAAGCCATTATGGC",8,0,0,0,0.125,0,FALSE
"TCAAAGCGTGGTTCTA",6,0.166666666666667,0,0,0.5,0,TRUE
"TCAAGACCAAACCCTA",6,0,0,0,0.5,0,FALSE
"TCAAGACCAAAGGTCG",17,0,0,0.0588235294117647,0,0,FALSE
"TCAAGCAGTGGTGGTA",7,0,0,0,0.285714285714286,0,FALSE
"TCAAGCAGTTTGTCTT",6,0,0,0.333333333333333,0,0,FALSE
"TCAAGGTGTATGTCCA",11,0,0,0,0.0909090909090909,0,FALSE
"TCACAAGCATTAGCCA",8,0,0,0,0,0,FALSE
"TCACAAGGTTTCACCC",23,0,0,0.0434782608695652,0.0434782608695652,0,FALSE
"TCACAGACATCCATAG",6,0,0,0.166666666666667,0,0,FALSE
"TCACCACTCTACTTTG",63,0.0158730158730159,0,0.158730158730159,0,0,TRUE
"TCACCACAGATCTAAG",18,0,0,0,0.111111111111111,0,FALSE
"TCACCACCAAGCGGTA",9,0,0,0,0.111111111111111,0,FALSE
"TCACCACCAGTAAGAT",7,0,0,0,0,0,FALSE
"TCACCTGCATATTGGC",6,0,0,0,0,0,FALSE
"TCAGCTCCACCGTTGG",12,0,0,0.0833333333333333,0,0,FALSE
"TCAGCTCCATGATTGC",6,0,0,0.166666666666667,0,0,FALSE
"TCAGCTCTCGGTAGGA",6,0,0,0.166666666666667,0,0,FALSE
"TCAGCTCGTTTCCGGG",20,0,0,0.05,0.05,0,FALSE
"TCAGCTCTCGGTTAGT",17,0.117647058823529,0,0.176470588235294,0.176470588235294,0,TRUE
"TCAGGGCGTGTTGGTT",15,0.2,0,0.133333333333333,0.133333333333333,0,TRUE
"TCAGGGCGTCTGGGAA",11,0.181818181818182,0,0,0,0,TRUE
"TCAGGGCGTAAACCCT",10,0.1,0,0,0.3,0,TRUE
"TCAGGGCGTTACGGAG",92,0.0543478260869565,0,0.0108695652173913,0.0543478260869565,0,TRUE
"TCAGGGCGTACGCCCA",7,0,0,0,0.285714285714286,0,FALSE
"TCAGGGCGTCAATACC",25,0.12,0,0.04,0.08,0,TRUE
"TCAGGGCGTCCGTAGC",40,0.075,0,0,0.05,0,TRUE
"TCAGGGCGTTACGCGA",6,0.166666666666667,0,0.166666666666667,0.166666666666667,0,TRUE
"TCAGGGCTCTGGCCAG",7,0,0.285714285714286,0.285714285714286,0,0,FALSE
"TCAGGTACATCAGCTA",46,0,0.0434782608695652,0.108695652173913,0.0217391304347826,0,FALSE
"TCAGTCCAGAAAGCAG",12,0,0,0.25,0.166666666666667,0,FALSE
"TCAGTCCAGCCATCAT",22,0,0,0,0,0,FALSE
"TCAGTTTCATCCCGGA",10,0,0,0,0,0,FALSE
"TCAGTTTCATGGTAAA",6,0,0,0,0.5,0,FALSE
"TCAGTTTGTGATAGAT",8,0,0,0,0,0,FALSE
"TCCAGAAAGAGGAAGT",6,0,0,0,0,0,FALSE
"TCCAGAAAGGGCTTCC",30,0.0666666666666667,0,0.133333333333333,0.0333333333333333,0,TRUE
"TCCAGAACATTTAGGC",6,0,0,0,0,0,FALSE
"TCCAGAATCCCACGGA",14,0,0,0,0,0,FALSE
"TCCAGAATCGGGTCCA",6,0,0,0,0.166666666666667,0,FALSE
"TCTCAGCCAACTTGGT",67,0.626865671641791,0,0.0298507462686567,0.119402985074627,0,TRUE
"TCCATCGCACCCTTTG",9,0,0,0,0,0,FALSE
"TCCATCGCACGTACAT",7,0,0,0,0,0,FALSE
"TCGATTTAGTCACGCC",30,0,0,0.0333333333333333,0,0,FALSE
"TCCCACAAGAGTGGAA",19,0.578947368421053,0.0526315789473684,0.0526315789473684,0.157894736842105,0,TRUE
"TCCCACACAGAGATGC",85,0.588235294117647,0.0352941176470588,0.0470588235294118,0.0823529411764706,0,TRUE
"TCCCACACATCCCGGA",23,0,0,0.0434782608695652,0.130434782608696,0,FALSE
"TCCCACAGTATGCTAC",20,0,0,0.05,0,0,FALSE
"TCCCACAGTATTCGCA",9,0,0,0,0,0,FALSE
"TCCCACATCAACACGT",9,0.111111111111111,0,0,0.222222222222222,0,TRUE
"TCGAGCGAGAAATACC",36,0.722222222222222,0.0277777777777778,0.0833333333333333,0.0833333333333333,0,TRUE
"TCGAGCGAGACTAATG",6,0,0,0,0,0,FALSE
"TCGAGCGTCGCTTCAC",7,0,0,0,0.428571428571429,0,FALSE
"TCGAGCGTCTTATCAC",10,0,0,0,0.2,0,FALSE
"TCGATTTCACAACGGA",10,0,0,0,0,0,FALSE
"TCGATTTTCGCATACA",21,0,0,0,0,0,FALSE
"TCGATTTTCTAGTCGA",12,0,0,0.0833333333333333,0.166666666666667,0,FALSE
"TCGCAGGAGGCCTAAG",7,0,0,0,0.285714285714286,0,FALSE
"TCGCAGGGTCTGCACG",8,0.5,0,0,0.25,0,TRUE
"TCGCCTAAGCAGAGCT",44,0.386363636363636,0.0227272727272727,0,0.0909090909090909,0,TRUE
"TCGCCTATCAGATACC",9,0,0,0,0,0,FALSE
"TCGGGACAGCTATCCA",7,0,0,0.142857142857143,0.142857142857143,0,FALSE
"TCGGGACAGCTTACCA",9,0,0,0,0,0,FALSE
"TCGGGACCAAGTTCGT",7,0,0,0.142857142857143,0.428571428571429,0,FALSE
"TCGGGACGTCACAGGA",6,0,0,0,0,0,FALSE
"TCGTTCGTCCCAATAG",6,0,0.333333333333333,0.666666666666667,0,0,FALSE
"TCTAGTTAGATTGACA",34,0,0,0.0294117647058824,0.0588235294117647,0,FALSE
"TCTATTGAGCATTCCA",16,0,0,0.125,0.1875,0,FALSE
"TCTATTGAGTATGGGC",77,0.012987012987013,0,0,0.025974025974026,0,TRUE
"TCTATTGCAAGGAACC",13,0.615384615384615,0,0,0.0769230769230769,0,TRUE
"TCTATTGCAGGCACAA",13,0,0,0,0,0,FALSE
"TCTATTGCATTACTCT",23,0.608695652173913,0,0.0434782608695652,0.0434782608695652,0,TRUE
"TCTATTGGTCAGCAAG",15,0,0,0.0666666666666667,0,0,FALSE
"TCTATTGTCATCATGG",8,0,0,0,0,0,FALSE
"TCTCAGCAGGGTTCTT",43,0,0.0465116279069767,0.0930232558139535,0.302325581395349,0,FALSE
"TCTCAGCCAAGTCTCA",14,0,0,0,0,0,FALSE
"TCTCAGCGTCCGTAGC",7,0,0,0,0.142857142857143,0,FALSE
"TGACAACAGCTGCCAC",7,0,0,0,0,0,FALSE
"TGACAACCAAAGAAGG",11,0,0,0.0909090909090909,0.454545454545455,0,FALSE
"TGACAACCATCCCGGA",6,0,0,0,0,0,FALSE
"TGACAACCATTGAACC",9,0,0,0,0.222222222222222,0,FALSE
"TGACTCCCAGTTGCAT",28,0.678571428571429,0,0.0357142857142857,0.25,0,TRUE
"TGAGTCACATTGTGAC",118,0,0,0.0254237288135593,0.0677966101694915,0,FALSE
"TGAGTCAAGGCCAATG",6,0,0,0,0.333333333333333,0,FALSE
"TGAGTCATCCTATCAT",11,0,0,0,0,0,FALSE
"TGATCAGCAATGAAAC",6,0,0,0,0,0,FALSE
"TGATCAGGTCCCGTGA",7,0,0,0,0,0,FALSE
"TGATGCATCGCGCCAA",30,0,0,0,0,0,FALSE
"TGATTTCTCACTCCCA",9,0,0,0.111111111111111,0,0,FALSE
"TGATTTCTCTCTGCGT",8,0,0,0,0,0,FALSE
"TGCACCTAGATTCCGT",11,0,0,0,0.363636363636364,0,FALSE
"TGCACCTGTGGTACTT",7,0,0,0.142857142857143,0.428571428571429,0,FALSE
"TGCAGGAGTTTAGGAA",8,0.375,0,0.125,0.125,0,TRUE
"TGCATGAAGCACGTAG",19,0.631578947368421,0.0526315789473684,0.0526315789473684,0.157894736842105,0,TRUE
"TGCATGATCACTGATG",6,0.166666666666667,0,0,0,0,TRUE
"TGCATTTAGAGCAGCT",27,0,0,0,0,0,FALSE
"TGCATTTTCACCACAA",9,0.111111111111111,0,0.111111111111111,0,0,TRUE
"TGCATTTTCGATTACG",10,0,0,0,0,0,FALSE
"TGCCTCATCTGGAAGG",26,0,0,0,0.0384615384615385,0,FALSE
"TGCCTGTTCAGTCTTT",9,0,0,0,0.111111111111111,0,FALSE
"TGCTATTAGTTTGGAA",6,0,0,0,0,0,FALSE
"TTGCGGGAGTCGTGAG",31,0.612903225806452,0.032258064516129,0.032258064516129,0.129032258064516,0,TRUE
"TGCGTAAAGTTAGAGT",7,0,0,0,0.714285714285714,0,FALSE
"TGCGTAAGTTAACCGT",8,0,0,0,0,0,FALSE
"TGCTTTACACTGAAGG",37,0.567567567567568,0,0.108108108108108,0.0540540540540541,0,TRUE
"TGCTATTAGCGTGTTT",8,0,0,0,0,0,FALSE
"TGCTATTAGAGGTGGG",8,0,0,0,0,0,FALSE
"TGCTATTTCGATCTTT",8,0,0,0.5,0.5,0,FALSE
"TGCTCACAGCTGCCAC",33,0,0,0,0.0909090909090909,0,FALSE
"TGCTCACTCATTCTTG",6,0,0,0,0.333333333333333,0,FALSE
"TGCTCGTAGGATCCTT",6,0,0,0.166666666666667,0.5,0,FALSE
"TGCTCGTTCTCAGATG",6,0,0,0.166666666666667,0.166666666666667,0,FALSE
"TGCTTCGGTGGACCAA",10,0,0,0,0.1,0,FALSE
"TGCTTCGTCTCTGACC",7,0,0,0,0,0,FALSE
"TGCTTTAGTATTCTCT",11,0,0,0,0.454545454545455,0,FALSE
"TGCTTTATCCCAGCGA",8,0,0,0,0,0,FALSE
"TGGAAGGTCGTGGCGT",17,0.764705882352941,0,0,0.176470588235294,0,TRUE
"TGGAAGGTCGGTCCGA",8,0,0,0.375,0.25,0,FALSE
"TGGCCTTAGAGTGGTC",40,0.5,0.05,0.025,0.125,0,TRUE
"TGGCCTTTCCCTAAAG",10,0,0,0,0,0,FALSE
"TGGCGCAAGATCGCCC",93,0.559139784946237,0.010752688172043,0.032258064516129,0.0860215053763441,0,TRUE
"TGGCGCAAGGCGTCCT",6,0,0,0,0,0,FALSE
"TGGCGCAGTAAAGGCC",124,0.467741935483871,0.0241935483870968,0.0161290322580645,0.129032258064516,0,TRUE
"TGGCGCAGTAGCGGTA",8,0,0,0,0,0,FALSE
"TGGGTGCAGTACAGTA",7,0,0,0.142857142857143,0,0,FALSE
"TGGGTTAGTCGAGGAT",6,0,0,0,0,0,FALSE
"TGGGTTATCACCCTTG",6,0,0,0,0.166666666666667,0,FALSE
"TGGTCAAAGTATCTGC",6,0,0.166666666666667,0.333333333333333,0.333333333333333,0,FALSE
"TGGTCAATCGCATAAC",7,0.285714285714286,0,0,0,0,TRUE
"TGGTCCTAGAAGGGCG",13,0,0,0,0,0,FALSE
"TGGTCCTCAGGCACAA",11,0.727272727272727,0,0,0.181818181818182,0,TRUE
"TGGTCCTTCGCAACTA",8,0,0,0,0,0,FALSE
"TGTAAGCCAAGCGTCC",9,0.444444444444444,0,0,0.111111111111111,0,TRUE
"TGTAAGCTCGCTAGTA",13,0.0769230769230769,0,0.153846153846154,0.230769230769231,0,TRUE
"TGTACGAGTCCTATTT",7,0,0,0.285714285714286,0.285714285714286,0,FALSE
"TGTACGATCGGTCGAC",6,0,0.166666666666667,0,0,0,FALSE
"TGTAGCAAGGGCATTG",16,0,0,0,0.3125,0,FALSE
"TGTAGCACAGCAACGA",6,0,0,0,0,0,FALSE
"TGTGACAGTCGCTACG",6,0,0,0,0,0,FALSE
"TGTGACAGTGGCATAG",10,0.3,0,0,0,0,TRUE
"TGTGGCGTCGCTTCAC",15,0,0,0,0,0,FALSE
"TGTGTCCCACTGCTTC",9,0.111111111111111,0,0,0,0,TRUE
"TGTGTCCCAGCGTAGA",8,0,0,0,0.125,0,FALSE
"TGTGTCCTCGAGTGTT",10,0.1,0,0,0,0,TRUE
"TGTGTCCTCTGGAAGG",6,0,0,0,0,0,FALSE
"TGTTAGGTCGATCGCG",7,0,0,0.142857142857143,0,0,FALSE
"TTAACGGGTCTAAGAA",44,0.272727272727273,0,0.0227272727272727,0.159090909090909,0,TRUE
"TTAACGGTCGGTTCCT",10,0,0,0,0,0,FALSE
"TTACCCGAGACAGTGC",7,0,0,0,0,0,FALSE
"TTACCCGAGGATCCTT",7,0.428571428571429,0,0.142857142857143,0,0,TRUE
"TTACCCGTCGCACAAT",7,0,0,0,0,0,FALSE
"TTACGGATCCATTGTT",33,0,0.0606060606060606,0.212121212121212,0.0606060606060606,0,FALSE
"TTACGTTGTCATTGGT",10,0,0,0,0,0,FALSE
"TTACGTTGTCCATTGA",6,0,0,0,0,0,FALSE
"TTACTCACACGTTACA",6,0,0,0,0.5,0,FALSE
"TTACTCAGTTTAGACC",10,0,0,0,0,0,FALSE
"TTACTCATCAATCGTG",12,0,0,0,0,0,FALSE
"TTACTTGAGCTGAAAT",37,0,0,0,0,0,FALSE
"TTAGCTTGTAAGTCTC",25,0,0,0,0,0,FALSE
"TTATGTCCATGTAGAA",41,0.024390243902439,0.0487804878048781,0.0487804878048781,0.121951219512195,0,TRUE
"TTATGTCAGGTTAACA",28,0,0,0,0.0357142857142857,0,FALSE
"TTATGTCCAACTCGAT",14,0.5,0,0,0.0714285714285714,0,TRUE
"TTATGTCCACTCGGAC",7,0,0,0,0.142857142857143,0,FALSE
"TTCAACTAGAAGCCGT",6,0,0,0,0.166666666666667,0,FALSE
"TTCAACTAGTCCGGAA",6,0.166666666666667,0.166666666666667,0.166666666666667,0,0,TRUE
"TTCAACTCAATTCTCT",17,0,0,0.0588235294117647,0.176470588235294,0,FALSE
"TTCAACTTCCAACCTC",8,0.375,0.25,0.125,0,0,TRUE
"TTCAACTTCGGGCTCA",7,0.142857142857143,0,0,0,0,TRUE
"TTCATCAAGGTTTCTG",9,0,0,0.222222222222222,0.111111111111111,0,FALSE
"TTCATCACAAGCAGGT",37,0,0.0540540540540541,0.0540540540540541,0.162162162162162,0,FALSE
"TTCATCACAATGATGA",6,0.166666666666667,0,0,0,0,TRUE
"TTCATTGCAGGTAACG",7,0,0,0,0.142857142857143,0,FALSE
"TTCGATTCAGGCAAGT",10,0,0,0.1,0.1,0,FALSE
"TTCGATTGTAAGTCTC",14,0,0,0.0714285714285714,0.142857142857143,0,FALSE
"TTCGATTTCAGTAGTC",18,0.444444444444444,0,0,0.111111111111111,0,TRUE
"TTCGCGTGTACAAATG",22,0,0,0,0.181818181818182,0,FALSE
"TTCGCGTGTCAGTGCC",11,0.909090909090909,0.0909090909090909,0.0909090909090909,0.272727272727273,0,TRUE
"TTCTAACCATTCACGA",7,0.142857142857143,0,0,0.285714285714286,0,TRUE
"TTCTGTAAGAGGCGGA",6,0.166666666666667,0,0.166666666666667,0.5,0,TRUE
"TTCTGTAAGGAGACTC",6,0.166666666666667,0,0,0,0,TRUE
"TTGACGAAGTTAGCGG",10,0,0,0.1,0.1,0,FALSE
"TTGACGACACCACGAC",6,0.166666666666667,0,0,0,0,TRUE
"TTGACGACATGGTTTG",22,0.363636363636364,0.0909090909090909,0.136363636363636,0.318181818181818,0,TRUE
"TTGACGATCGCTTGAA",6,0,0,0.333333333333333,0,0,FALSE
"TTGAGCACAGCACATT",6,0.166666666666667,0,0.166666666666667,0.333333333333333,0,TRUE
"TTGAGTGCACTGTAAC",17,0.647058823529412,0,0.0588235294117647,0.294117647058824,0,TRUE
"TTGAGTGTCGATGTGT",6,0.166666666666667,0,0,0.166666666666667,0,TRUE
"TTGCACCGTTGGCTTA",6,0,0,0.166666666666667,0.166666666666667,0,FALSE
"TTGCACCTCAGAATGA",22,0,0,0,0,0,FALSE
"TTGCAGACAGAAAGAG",13,0,0.0769230769230769,0.153846153846154,0,0,FALSE
"TTTACGTTCCCACGGA",35,0.714285714285714,0.0571428571428571,0,0.114285714285714,0,TRUE
"TTGCCCACAGGATAGC",43,0.534883720930233,0.0232558139534884,0,0.116279069767442,0,TRUE
"TTGCCCACAATACTGC",81,0.0123456790123457,0,0.0123456790123457,0.0123456790123457,0,TRUE
"TTGCCCATCCTTGACC",12,0,0,0.166666666666667,0.166666666666667,0,FALSE
"TTGCGAAAGGAAGAAC",6,0,0,0,0,0,FALSE
"TTGCGAACATGTCCCT",9,0.222222222222222,0,0,0,0,TRUE
"TTGCGAATCGGATAGG",13,0.692307692307692,0,0,0.307692307692308,0,TRUE
"TTGCGAATCAGTCACA",7,0,0,0,0,0,FALSE
"TTGCGAATCCGTGCAG",6,0,0,0,0.333333333333333,0,FALSE
"TTGCGGGAGGTTCGAG",7,0,0,0,0,0,FALSE
"TTGCGGGAGTCGACCC",11,0.181818181818182,0,0,0,0,TRUE
"TTGCGGGGTAACACTC",40,0.4,0,0.05,0.125,0,TRUE
"TTGCTATAGCCAGAAC",14,0.428571428571429,0,0,0.142857142857143,0,TRUE
"TTGCTTAAGGGAAGCG",8,0,0,0,0.25,0,FALSE
"TTGTTGTAGCATGTGG",37,0.702702702702703,0.027027027027027,0.0540540540540541,0.135135135135135,0,TRUE
"TTGTCTACAAGCGTCC",7,0.142857142857143,0,0,0,0,TRUE
"TTGTCTATCCGAGTGA",6,0,0,0.166666666666667,0,0,FALSE
"TTGTTCAAGCGAGCTA",11,0,0,0,0,0,FALSE
"TTGTTCACATGCACTA",6,0,0,0,0,0,FALSE
"TTGTTCAGTCAGAGTG",7,0,0,0,0,0,FALSE
"TTGTTCATCCGCGATG",6,0,0.166666666666667,0.333333333333333,0,0,FALSE
"TTGTTGTTCCTGGAAT",20,0,0.05,0.15,0,0,FALSE
"TTTACGTAGAGACTCG",8,0,0,0,0.125,0,FALSE
"TTTACGTGTACGAGAC",6,0,0,0,0.166666666666667,0,FALSE
"TTTGAGGAGGGAAGCG",6,0,0,0,0.5,0,FALSE
"TTTGAGGCAGGCATCC",11,0,0,0,0,0,FALSE
"TTTGCGCAGACGACTG",9,0,0,0.111111111111111,0,0,FALSE
"TTTGCGCAGGAGACTC",54,0.611111111111111,0.0185185185185185,0,0.185185185185185,0,TRUE
"TTTGCGCAGGTCTTGT",8,0,0,0,0.25,0,FALSE
"TTTGCGCCAGAAAGAG",11,0,0,0,0,0,FALSE
"TTTGGCCAGCAAGGTC",8,0,0,0,0.125,0,FALSE
"TTTGGCCAGCAGAAAG",25,0,0,0.04,0.08,0,FALSE
"TTTGGTTCAATCAGGG",7,0,0,0,0.142857142857143,0,FALSE
"TTTGGTTCAATGTAAG",6,0,0,0,0,0,FALSE
"TTTGTGTAGGAGAACA",7,0,0,0.142857142857143,0,0,FALSE
"TTTGTGTTCGCTTGAA",8,0,0,0,0,0,FALSE
